Date,Name,Year,Letterboxd URI
2018-07-24,Mad Max: Fury Road,2015,https://boxd.it/2DjO
2018-07-24,Get Out,2017,https://boxd.it/eOCm
2018-07-24,Star Wars: The Force Awakens,2015,https://boxd.it/4vru
2018-07-24,Arrival,2016,https://boxd.it/aNGk
2018-07-24,Baby Driver,2017,https://boxd.it/bhF2
2018-07-24,Pulp Fiction,1994,https://boxd.it/29Pq
2018-07-24,The Dark Knight,2008,https://boxd.it/2b0k
2018-07-24,Guardians of the Galaxy,2014,https://boxd.it/3VH2
2018-07-24,Lady Bird,2017,https://boxd.it/dGNE
2018-07-24,Interstellar,2014,https://boxd.it/4VZ8
2018-07-24,Inception,2010,https://boxd.it/1skk
2018-07-24,The Shape of Water,2017,https://boxd.it/dZ5m
2018-07-24,Star Wars: The Last Jedi,2017,https://boxd.it/5xme
2018-07-24,The Grand Budapest Hotel,2014,https://boxd.it/3ZqO
2018-07-24,Whiplash,2014,https://boxd.it/7bQA
2018-07-24,Deadpool,2016,https://boxd.it/9fOC
2018-07-24,Black Panther,2018,https://boxd.it/8MHs
2018-07-24,Her,2013,https://boxd.it/4O24
2018-07-24,Gone Girl,2014,https://boxd.it/6hQu
2018-07-24,Fight Club,1999,https://boxd.it/2a9q
2018-07-24,Moonlight,2016,https://boxd.it/d6bE
2018-07-24,The Wolf of Wall Street,2013,https://boxd.it/3C1m
2018-07-24,Logan,2017,https://boxd.it/7Piy
2018-07-24,Django Unchained,2012,https://boxd.it/2cCk
2018-07-24,Inglourious Basterds,2009,https://boxd.it/1JzG
2018-07-24,Rogue One: A Star Wars Story,2016,https://boxd.it/aPvy
2018-07-24,Guardians of the Galaxy Vol. 2,2017,https://boxd.it/8MxC
2018-07-24,Star Wars,1977,https://boxd.it/72s
2018-07-24,Birdman or (The Unexpected Virtue of Ignorance),2014,https://boxd.it/5RFA
2018-07-24,Ex Machina,2015,https://boxd.it/7T2k
2018-07-24,The Lord of the Rings: The Fellowship of the Ring,2001,https://boxd.it/2b5O
2018-07-24,Eternal Sunshine of the Spotless Mind,2004,https://boxd.it/6YK
2018-07-24,"I, Tonya",2017,https://boxd.it/dzR0
2018-07-24,Incredibles 2,2018,https://boxd.it/7IPg
2018-07-24,A Quiet Place,2018,https://boxd.it/fVJQ
2018-07-24,Unbreakable,2000,https://boxd.it/1XV2
2018-07-24,Spirited Away,2001,https://boxd.it/2b4m
2018-07-24,The Social Network,2010,https://boxd.it/17ue
2018-07-24,Se7en,1995,https://boxd.it/29zs
2018-07-24,The Truman Show,1998,https://boxd.it/18U8
2018-07-24,Black Swan,2010,https://boxd.it/Sw0
2018-07-24,The Florida Project,2017,https://boxd.it/dMG0
2018-07-24,Back to the Future,1985,https://boxd.it/2b8e
2018-07-24,Captain America: Civil War,2016,https://boxd.it/89Ja
2018-07-24,Blade Runner,1982,https://boxd.it/2bcA
2018-07-24,Taxi Driver,1976,https://boxd.it/2b8y
2018-07-24,Drive,2011,https://boxd.it/IG
2018-07-24,Rampage,2018,https://boxd.it/f9a4
2018-07-24,The Dark Knight Rises,2012,https://boxd.it/H3m
2018-07-24,Iron Man,2008,https://boxd.it/28dA
2018-07-24,Alien,1979,https://boxd.it/2awY
2018-07-24,Suicide Squad,2016,https://boxd.it/9row
2018-07-24,Jaws,1975,https://boxd.it/2a5e
2018-07-24,Captain America: The Winter Soldier,2014,https://boxd.it/3r58
2018-07-24,The Empire Strikes Back,1980,https://boxd.it/27Vw
2018-07-24,Donnie Darko,2001,https://boxd.it/2b2A
2018-07-24,Scott Pilgrim vs. the World,2010,https://boxd.it/1Aq6
2018-07-24,Nightcrawler,2014,https://boxd.it/780m
2018-07-24,Up,2009,https://boxd.it/1OEc
2018-07-24,The Matrix,1999,https://boxd.it/2a1m
2018-07-24,Solo: A Star Wars Story,2018,https://boxd.it/bGWs
2018-07-24,mother!,2017,https://boxd.it/dgRU
2018-07-24,The Witch,2015,https://boxd.it/9X0m
2018-07-24,Doctor Strange,2016,https://boxd.it/8MH8
2018-07-24,The Silence of the Lambs,1991,https://boxd.it/2aHW
2018-07-24,The Godfather,1972,https://boxd.it/2aNK
2018-07-24,The Revenant,2015,https://boxd.it/8H5e
2018-07-24,A Ghost Story,2017,https://boxd.it/fb0K
2018-07-24,Sicario,2015,https://boxd.it/8i7u
2018-07-24,Moonrise Kingdom,2012,https://boxd.it/2Wng
2018-07-24,American Psycho,2000,https://boxd.it/28Vs
2018-07-24,Memento,2000,https://boxd.it/2bcK
2018-07-24,Room,2015,https://boxd.it/7T0y
2018-07-24,The Texas Chain Saw Massacre,1974,https://boxd.it/1lcS
2018-07-24,Perfect Blue,1997,https://boxd.it/1W7A
2018-07-24,Annihilation,2018,https://boxd.it/9yzm
2018-07-24,12 Angry Men,1957,https://boxd.it/2auI
2018-07-24,Green Room,2015,https://boxd.it/a75m
2018-07-24,Prometheus,2012,https://boxd.it/2s9e
2018-07-24,The Thing,1982,https://boxd.it/294O
2018-07-24,Avatar,2009,https://boxd.it/1Efm
2018-07-24,Pi,1998,https://boxd.it/2ajq
2018-07-24,Seven Samurai,1954,https://boxd.it/2axi
2018-07-24,One Flew Over the Cuckoo's Nest,1975,https://boxd.it/2aeA
2018-07-24,Dr. Strangelove or: How I Learned to Stop Worrying and Love the Bomb,1964,https://boxd.it/29eY
2018-07-24,Spotlight,2015,https://boxd.it/a84k
2018-07-24,The Breakfast Club,1985,https://boxd.it/27q4
2018-07-24,Full Metal Jacket,1987,https://boxd.it/2a1Q
2018-07-24,Shin Godzilla,2016,https://boxd.it/a9lm
2018-07-24,Predator,1987,https://boxd.it/2b84
2018-07-24,Hereditary,2018,https://boxd.it/hNVe
2018-07-24,The Cabin in the Woods,2011,https://boxd.it/1zOc
2018-07-24,The Host,2006,https://boxd.it/28ZY
2018-07-24,It,2017,https://boxd.it/bC8e
2018-07-24,It Follows,2014,https://boxd.it/87wo
2018-07-24,It Comes at Night,2017,https://boxd.it/eLuk
2018-07-24,Under the Skin,2013,https://boxd.it/3mDa
2018-07-24,Tucker and Dale vs. Evil,2010,https://boxd.it/Mce
2018-07-24,Saw,2004,https://boxd.it/2aWW
2018-07-24,Twister,1996,https://boxd.it/29S0
2018-07-24,The Princess Bride,1987,https://boxd.it/26EY
2018-07-24,Magnolia,1999,https://boxd.it/2aze
2018-07-24,Punch-Drunk Love,2002,https://boxd.it/20E4
2018-07-24,Boogie Nights,1997,https://boxd.it/23um
2018-07-24,There Will Be Blood,2007,https://boxd.it/20Z2
2018-07-24,Terminator 2: Judgment Day,1991,https://boxd.it/2aGY
2018-07-24,2001: A Space Odyssey,1968,https://boxd.it/2bf0
2018-07-24,Aliens,1986,https://boxd.it/29PA
2018-07-24,GoodFellas,1990,https://boxd.it/29FA
2018-07-24,The Lord of the Rings: The Return of the King,2003,https://boxd.it/2b5u
2018-07-24,No Country for Old Men,2007,https://boxd.it/21ew
2018-07-24,Chinatown,1974,https://boxd.it/29vU
2018-07-24,Lost in Translation,2003,https://boxd.it/2b0E
2018-07-24,Reservoir Dogs,1992,https://boxd.it/2agc
2018-07-24,The Godfather: Part II,1974,https://boxd.it/2aNq
2018-07-24,Citizen Kane,1941,https://boxd.it/71O
2018-07-24,District 9,2009,https://boxd.it/1Iik
2018-07-24,Prisoners,2013,https://boxd.it/4E5i
2018-07-24,The Prestige,2006,https://boxd.it/293w
2018-07-24,American Beauty,1999,https://boxd.it/71Y
2018-07-24,Jurassic Park,1993,https://boxd.it/2aA2
2018-07-24,Forrest Gump,1994,https://boxd.it/728
2018-07-24,Léon: The Professional,1994,https://boxd.it/2b8S
2018-07-24,The Hunt,2012,https://boxd.it/3wEC
2018-07-24,In Bruges,2008,https://boxd.it/20n8
2018-07-24,Heat,1995,https://boxd.it/2bg8
2018-07-24,Children of Men,2006,https://boxd.it/1Y2i
2018-07-24,Casablanca,1942,https://boxd.it/2aG0
2018-07-24,Mulholland Drive,2001,https://boxd.it/297o
2018-07-24,Fargo,1996,https://boxd.it/2aHM
2018-07-24,The Terminator,1984,https://boxd.it/2aQY
2018-07-24,Return of the Jedi,1983,https://boxd.it/27Vm
2018-07-24,City of God,2002,https://boxd.it/2a2a
2018-07-24,Saving Private Ryan,1998,https://boxd.it/29ro
2018-07-24,Toy Story,1995,https://boxd.it/29qA
2018-07-24,Barry Lyndon,1975,https://boxd.it/25A2
2018-07-24,The Seventh Seal,1957,https://boxd.it/2ahO
2018-07-24,Starship Troopers,1997,https://boxd.it/2a7k
2018-07-24,The Life Aquatic with Steve Zissou,2004,https://boxd.it/2aqw
2018-07-24,Shaun of the Dead,2004,https://boxd.it/29J8
2018-07-24,The Usual Suspects,1995,https://boxd.it/29XE
2018-07-24,Stalker,1979,https://boxd.it/28PO
2018-07-24,The Shining,1980,https://boxd.it/29Nu
2018-07-24,Groundhog Day,1993,https://boxd.it/2b3e
2018-07-24,28 Days Later,2002,https://boxd.it/2aXU
2018-07-24,Rear Window,1954,https://boxd.it/2a6Q
2018-07-24,Big Trouble in Little China,1986,https://boxd.it/21em
2018-07-24,Sunshine,2007,https://boxd.it/28Xy
2018-07-24,The Royal Tenenbaums,2001,https://boxd.it/1YHU
2018-07-24,Edge of Tomorrow,2014,https://boxd.it/4pD0
2018-07-24,Princess Mononoke,1997,https://boxd.it/2b4w
2018-07-24,The Departed,2006,https://boxd.it/28MA
2018-07-24,Hot Fuzz,2007,https://boxd.it/2416
2018-07-24,Battle Royale,2000,https://boxd.it/25zS
2018-07-24,The Room,2003,https://boxd.it/1ICY
2018-07-24,Schindler's List,1993,https://boxd.it/2aq2
2018-07-24,Kill Bill: Vol. 1,2003,https://boxd.it/70w
2018-07-24,The Shawshank Redemption,1994,https://boxd.it/2aHi
2018-07-24,Enemy,2013,https://boxd.it/5xtO
2018-07-24,Akira,1988,https://boxd.it/2b1i
2018-07-24,Commando,1985,https://boxd.it/1UTs
2018-07-24,The Iron Giant,1999,https://boxd.it/1Wow
2018-07-24,Snatch,2000,https://boxd.it/2b7U
2018-07-24,The Fifth Element,1997,https://boxd.it/71k
2018-07-24,Black Hawk Down,2001,https://boxd.it/29rI
2018-07-24,Ghost in the Shell,1995,https://boxd.it/1YYc
2018-07-24,RoboCop,1987,https://boxd.it/22Wu
2018-07-24,Batman Begins,2005,https://boxd.it/2aIg
2018-07-24,The Lord of the Rings: The Two Towers,2002,https://boxd.it/2b5E
2018-07-24,Raging Bull,1980,https://boxd.it/28yI
2018-07-24,Moon,2009,https://boxd.it/1IGQ
2018-07-24,Twelve Monkeys,1995,https://boxd.it/2beQ
2018-07-24,Skyfall,2012,https://boxd.it/17Fc
2018-07-24,The Raid,2011,https://boxd.it/3hBy
2018-07-24,Watchmen,2009,https://boxd.it/1QE4
2018-07-24,The Incredibles,2004,https://boxd.it/1XLm
2018-07-24,Moneyball,2011,https://boxd.it/glS
2018-07-24,Phone Booth,2002,https://boxd.it/285G
2018-07-24,The Lego Movie,2014,https://boxd.it/4pDO
2018-07-24,Primer,2004,https://boxd.it/6YA
2018-07-24,The Game,1997,https://boxd.it/26vC
2018-07-24,Gattaca,1997,https://boxd.it/29Du
2018-07-24,Bill & Ted's Excellent Adventure,1989,https://boxd.it/28oI
2018-07-24,Spider-Man 2,2004,https://boxd.it/2a88
2018-07-24,Office Space,1999,https://boxd.it/28Em
2018-07-24,Men in Black,1997,https://boxd.it/2a0I
2018-07-24,The Bourne Supremacy,2004,https://boxd.it/26EE
2018-07-24,The Boondock Saints,1999,https://boxd.it/20gw
2018-07-24,Titanic,1997,https://boxd.it/2a2k
2018-07-24,Slumdog Millionaire,2008,https://boxd.it/1S3E
2018-07-24,The Wrestler,2008,https://boxd.it/1So8
2018-07-24,Taken,2008,https://boxd.it/1ZXa
2018-07-24,Tropic Thunder,2008,https://boxd.it/20WM
2018-07-24,Step Brothers,2008,https://boxd.it/1SsE
2018-07-24,Pineapple Express,2008,https://boxd.it/1WRS
2018-07-24,Ip Man,2008,https://boxd.it/1NrQ
2018-07-24,Speed Racer,2008,https://boxd.it/20UQ
2018-07-24,Hellboy II: The Golden Army,2008,https://boxd.it/1Ug6
2018-07-24,Bolt,2008,https://boxd.it/1QXg
2018-07-24,The General,1926,https://boxd.it/29co
2018-07-24,A Trip to the Moon,1902,https://boxd.it/29EC
2018-07-24,The Great Train Robbery,1903,https://boxd.it/22JU
2018-07-24,Independence Day,1996,https://boxd.it/2a1w
2018-07-24,Natural Born Killers,1994,https://boxd.it/2aNg
2018-07-24,Run Lola Run,1998,https://boxd.it/2b8o
2018-07-24,Rushmore,1998,https://boxd.it/1TAO
2018-07-24,The Sixth Sense,1999,https://boxd.it/29Js
2018-07-24,Trainspotting,1996,https://boxd.it/29XY
2018-07-24,T2 Trainspotting,2017,https://boxd.it/5vTA
2018-07-24,The Lobster,2015,https://boxd.it/7tnw
2018-07-24,The Handmaiden,2016,https://boxd.it/948A
2018-07-24,Paterson,2016,https://boxd.it/cRk2
2018-07-24,Hunt for the Wilderpeople,2016,https://boxd.it/cTgG
2018-07-24,Hell or High Water,2016,https://boxd.it/bfGM
2018-07-24,Swiss Army Man,2016,https://boxd.it/bDG2
2018-07-24,First Reformed,2017,https://boxd.it/go9C
2018-07-24,Three Identical Strangers,2018,https://boxd.it/hDNO
2018-07-24,Audition,1999,https://boxd.it/1UHm
2018-07-24,13 Assassins,2010,https://boxd.it/jqc
2018-07-24,The Happiness of the Katakuris,2001,https://boxd.it/1KDY
2018-07-24,Hara-Kiri: Death of a Samurai,2011,https://boxd.it/32BI
2018-07-24,Godzilla,1998,https://boxd.it/29fW
2018-07-24,Isle of Dogs,2018,https://boxd.it/dZrW
2018-07-24,10 Cloverfield Lane,2016,https://boxd.it/aZiu
2018-07-24,Split,2016,https://boxd.it/dgSy
2018-07-24,The Disaster Artist,2017,https://boxd.it/cTqc
2018-07-24,The Imitation Game,2014,https://boxd.it/6aig
2018-07-24,John Wick,2014,https://boxd.it/7dEc
2018-07-24,Psycho,1960,https://boxd.it/2ab2
2018-07-24,Ant-Man,2015,https://boxd.it/3vmW
2018-07-24,Kingsman: The Secret Service,2014,https://boxd.it/6dxe
2018-07-24,Captain America: The First Avenger,2011,https://boxd.it/28b0
2018-07-24,Raiders of the Lost Ark,1981,https://boxd.it/2bbs
2018-07-24,Iron Man 3,2013,https://boxd.it/2cBQ
2018-07-24,Inside Llewyn Davis,2013,https://boxd.it/34Ro
2018-07-24,The Big Sick,2017,https://boxd.it/eHvy
2018-07-24,Ratatouille,2007,https://boxd.it/27ww
2018-07-24,Harry Potter and the Philosopher's Stone,2001,https://boxd.it/29QS
2018-07-24,Deadpool 2,2018,https://boxd.it/dlLM
2018-07-24,The Big Short,2015,https://boxd.it/ajZw
2018-07-24,What We Do in the Shadows,2014,https://boxd.it/7eQy
2018-07-24,Harry Potter and the Deathly Hallows: Part 2,2011,https://boxd.it/1RYk
2018-07-24,Fantastic Mr. Fox,2009,https://boxd.it/1WyQ
2018-07-24,E.T. the Extra-Terrestrial,1982,https://boxd.it/2a1G
2018-07-24,Snowpiercer,2013,https://boxd.it/3Icg
2018-07-24,Looper,2012,https://boxd.it/ham
2018-07-24,Iron Man 2,2010,https://boxd.it/1WZM
2018-07-24,Star Wars: Episode I – The Phantom Menace,1999,https://boxd.it/27Vc
2018-07-24,Die Hard,1988,https://boxd.it/2a7u
2018-07-24,Harry Potter and the Prisoner of Azkaban,2004,https://boxd.it/29Qy
2018-07-24,Kill Bill: Vol. 2,2004,https://boxd.it/2au4
2018-07-24,Spider-Man,2002,https://boxd.it/2a8i
2018-07-24,The Post,2017,https://boxd.it/fTeG
2018-07-24,Home Alone,1990,https://boxd.it/29Fg
2018-07-24,Dawn of the Planet of the Apes,2014,https://boxd.it/3XyQ
2018-07-24,X-Men: First Class,2011,https://boxd.it/FOA
2018-07-24,Pirates of the Caribbean: The Curse of the Black Pearl,2003,https://boxd.it/70G
2018-07-24,Harry Potter and the Deathly Hallows: Part 1,2010,https://boxd.it/1RYu
2018-07-24,Harry Potter and the Chamber of Secrets,2002,https://boxd.it/29QI
2018-07-24,Kubo and the Two Strings,2016,https://boxd.it/a4wE
2018-07-24,The Curious Case of Benjamin Button,2008,https://boxd.it/23Fk
2018-07-24,Back to the Future Part II,1989,https://boxd.it/2aYI
2018-07-24,Your Name.,2016,https://boxd.it/cUqs
2018-07-24,Zombieland,2009,https://boxd.it/1En6
2018-07-24,Rise of the Planet of the Apes,2011,https://boxd.it/cS4
2018-07-24,Star Trek,2009,https://boxd.it/1Q6c
2018-07-24,The King's Speech,2010,https://boxd.it/dX0
2018-07-24,Godzilla,2014,https://boxd.it/47OE
2018-07-24,Indiana Jones and the Last Crusade,1989,https://boxd.it/2baO
2018-07-24,Kick-Ass,2010,https://boxd.it/1zaQ
2018-07-24,Jackie Brown,1997,https://boxd.it/2aVO
2018-07-24,X-Men,2000,https://boxd.it/1a7s
2018-07-24,Hugo,2011,https://boxd.it/R08
2018-07-24,The Hangover,2009,https://boxd.it/1GjK
2018-07-24,"O Brother, Where Art Thou?",2000,https://boxd.it/2b3I
2018-07-24,School of Rock,2003,https://boxd.it/28xK
2018-07-24,Anomalisa,2015,https://boxd.it/97TE
2018-07-24,Indiana Jones and the Temple of Doom,1984,https://boxd.it/2bb8
2018-07-24,Batman,1989,https://boxd.it/2aIU
2018-07-24,The Wolverine,2013,https://boxd.it/2CWU
2018-07-24,Sherlock Holmes,2009,https://boxd.it/1W2A
2018-07-24,Super 8,2011,https://boxd.it/dVI
2018-07-24,Cloverfield,2008,https://boxd.it/2192
2018-07-24,Sausage Party,2016,https://boxd.it/6CCe
2018-07-24,Charlie and the Chocolate Factory,2005,https://boxd.it/2b68
2018-07-24,Coraline,2009,https://boxd.it/1NhQ
2018-07-24,Pirates of the Caribbean: Dead Man's Chest,2006,https://boxd.it/2bfk
2018-07-24,300,2006,https://boxd.it/28XI
2018-07-24,A Beautiful Mind,2001,https://boxd.it/2amk
2018-07-24,X2,2003,https://boxd.it/1a7i
2018-07-24,Big Fish,2003,https://boxd.it/2a3M
2018-07-24,Gangs of New York,2002,https://boxd.it/25FG
2018-07-24,Anchorman: The Legend of Ron Burgundy,2004,https://boxd.it/1ZVo
2018-07-24,Icarus,2017,https://boxd.it/fmje
2018-07-24,Harold and Maude,1971,https://boxd.it/2axM
2018-07-24,Armageddon,1998,https://boxd.it/2b9Q
2018-07-24,Walk the Line,2005,https://boxd.it/2bdS
2018-07-25,Avengers: Infinity War,2018,https://boxd.it/9vEe
2018-07-25,The Sandlot,1993,https://boxd.it/1TDy
2018-07-25,Interview with the Vampire,1994,https://boxd.it/29XO
2018-07-25,Avengers: Age of Ultron,2015,https://boxd.it/3qi6
2018-07-25,The Incredible Hulk,2008,https://boxd.it/28dU
2018-07-25,The Avengers,2012,https://boxd.it/1xFW
2018-07-25,Men in Black 3,2012,https://boxd.it/103U
2018-07-25,X-Men: Days of Future Past,2014,https://boxd.it/4aRw
2018-07-25,Hellboy,2004,https://boxd.it/28HK
2018-07-25,Batman Returns,1992,https://boxd.it/2awa
2018-07-25,Batman Forever,1995,https://boxd.it/2ara
2018-07-25,Batman & Robin,1997,https://boxd.it/2ar0
2018-07-25,Batman: Mask of the Phantasm,1993,https://boxd.it/1N6S
2018-07-25,Batman: Year One,2011,https://boxd.it/2vf0
2018-07-25,Bat Thumb,2001,https://boxd.it/1H1C
2018-07-25,Blade,1998,https://boxd.it/1a8A
2018-07-25,Chronicle,2012,https://boxd.it/2Emk
2018-07-25,The Crow,1994,https://boxd.it/1Yxq
2018-07-25,Daredevil,2003,https://boxd.it/1YzG
2018-07-25,The Fantastic Four,1994,https://boxd.it/1B70
2018-07-25,Fantastic Four,2005,https://boxd.it/1XVw
2018-07-25,Ghost Rider,2007,https://boxd.it/290M
2018-07-25,Ghost Rider: Spirit of Vengeance,2011,https://boxd.it/2qne
2018-07-25,The Green Hornet,2011,https://boxd.it/10TQ
2018-07-25,Hancock,2008,https://boxd.it/1Zv6
2018-07-25,Hulk,2003,https://boxd.it/27PS
2018-07-25,Jack-Jack Attack,2005,https://boxd.it/1P6q
2018-07-25,Jumper,2008,https://boxd.it/20ss
2018-07-25,One False Move,1991,https://boxd.it/1Cpu
2018-07-25,Braindead,1992,https://boxd.it/29Gy
2018-07-25,Kung Fury,2015,https://boxd.it/7mSM
2018-07-25,They Live,1988,https://boxd.it/20lm
2018-07-25,Crank,2006,https://boxd.it/27MY
2018-07-25,13th,2016,https://boxd.it/elNg
2018-07-25,Neon Genesis Evangelion: The End of Evangelion,1997,https://boxd.it/1GRM
2018-07-25,Porco Rosso,1992,https://boxd.it/1Tp2
2018-07-25,Jin-Roh: The Wolf Brigade,1999,https://boxd.it/29wS
2018-07-25,The Girl Who Leapt Through Time,2006,https://boxd.it/1OPa
2018-07-25,Summer Wars,2009,https://boxd.it/1oDC
2018-07-25,Pokémon: The First Movie - Mewtwo Strikes Back,1998,https://boxd.it/1WLA
2018-07-25,La Maison en Petits Cubes,2008,https://boxd.it/1D06
2018-07-25,Topper Returns,1941,https://boxd.it/QSo
2018-07-25,Thelma,2017,https://boxd.it/e7Ce
2018-07-25,"Three Billboards Outside Ebbing, Missouri",2017,https://boxd.it/ceBS
2018-07-25,Breathless,1960,https://boxd.it/2aIK
2018-07-25,Hard Eight,1996,https://boxd.it/20DU
2018-07-25,Zodiac,2007,https://boxd.it/27MO
2018-07-25,Minority Report,2002,https://boxd.it/2aWi
2018-07-25,The Bourne Identity,2002,https://boxd.it/26EO
2018-07-25,The Bourne Ultimatum,2007,https://boxd.it/26Eu
2018-07-25,Source Code,2011,https://boxd.it/fdo
2018-07-25,Videodrome,1983,https://boxd.it/29uC
2018-07-25,Sherlock Holmes: A Game of Shadows,2011,https://boxd.it/k3S
2018-07-25,Harry Potter and the Order of the Phoenix,2007,https://boxd.it/29Qe
2018-07-25,Ace Ventura: Pet Detective,1994,https://boxd.it/25RW
2018-07-25,Disturbia,2007,https://boxd.it/20rk
2018-07-25,Mother,2009,https://boxd.it/1m9g
2018-07-25,National Treasure: Book of Secrets,2007,https://boxd.it/21rq
2018-07-25,Dark City,1998,https://boxd.it/26uk
2018-07-25,Flight,2012,https://boxd.it/35Ca
2018-07-25,Catch Me If You Can,2002,https://boxd.it/29VS
2018-07-25,Mad Max 2,1981,https://boxd.it/1ZPg
2018-07-25,Duel,1971,https://boxd.it/29ui
2018-07-25,Galaxy Quest,1999,https://boxd.it/29gq
2018-07-25,Sexy Beast,2000,https://boxd.it/1SZS
2018-07-25,Lion,2016,https://boxd.it/b2La
2018-07-25,The Spirit of the Beehive,1973,https://boxd.it/24eY
2018-07-25,Grosse Pointe Blank,1997,https://boxd.it/1YGW
2018-07-25,A Separation,2011,https://boxd.it/gvo
2018-07-25,Master and Commander: The Far Side of the World,2003,https://boxd.it/200S
2018-07-25,Edward Scissorhands,1990,https://boxd.it/2aZc
2018-07-25,Beetlejuice,1988,https://boxd.it/24QI
2018-07-25,Alice in Wonderland,2010,https://boxd.it/1Spq
2018-07-25,Elf,2003,https://boxd.it/1VyK
2018-07-25,Good Time,2017,https://boxd.it/fcFu
2018-07-25,Happy Feet,2006,https://boxd.it/1XH0
2018-07-25,Zoolander,2001,https://boxd.it/1YMA
2018-07-25,Spider-Man 3,2007,https://boxd.it/2a7Y
2018-07-25,Sky High,2005,https://boxd.it/1TNI
2018-07-25,WALL·E,2008,https://boxd.it/1VEo
2018-07-25,Star Wars: Episode III – Revenge of the Sith,2005,https://boxd.it/27US
2018-07-25,Equilibrium,2002,https://boxd.it/211s
2018-07-25,The Fall,2006,https://boxd.it/1NoM
2018-07-25,Interstella 5555: The 5tory of the 5ecret 5tar 5ystem,2003,https://boxd.it/1ULy
2018-07-25,Mad Max,1979,https://boxd.it/1Y7i
2018-07-25,A Scanner Darkly,2006,https://boxd.it/25jK
2018-07-25,Star Wars: Episode II – Attack of the Clones,2002,https://boxd.it/27V2
2018-07-25,TRON: Legacy,2010,https://boxd.it/1Dlo
2018-07-25,Zathura: A Space Adventure,2005,https://boxd.it/21mq
2018-07-25,Good Will Hunting,1997,https://boxd.it/2ahY
2018-07-25,Little Miss Sunshine,2006,https://boxd.it/29EW
2018-07-25,Casino Royale,2006,https://boxd.it/1alk
2018-07-25,The Nightmare Before Christmas,1993,https://boxd.it/1YzQ
2018-07-25,True Grit,2010,https://boxd.it/Sog
2018-07-25,The Lost Boys,1987,https://boxd.it/28DI
2018-07-25,Eastern Promises,2007,https://boxd.it/275q
2018-07-25,M,1931,https://boxd.it/29vq
2018-07-25,Signs,2002,https://boxd.it/26t2
2018-07-25,Sicario: Day of the Soldado,2018,https://boxd.it/e4fG
2018-07-25,Miracle,2004,https://boxd.it/1OmM
2018-08-03,Blindspotting,2018,https://boxd.it/hDMw
2018-08-03,"Aguirre, the Wrath of God",1972,https://boxd.it/27Fe
2018-08-03,Grizzly Man,2005,https://boxd.it/2ag2
2018-08-08,Spring Breakers,2012,https://boxd.it/421s
2018-08-08,Blade of the Immortal,2017,https://boxd.it/f5Pi
2018-08-08,Eighth Grade,2018,https://boxd.it/hDMG
2018-08-08,The Square,2017,https://boxd.it/e5YW
2018-08-08,The Color of Pomegranates,1969,https://boxd.it/1u94
2018-08-08,La Dolce Vita,1960,https://boxd.it/2anC
2018-08-10,In Time,2011,https://boxd.it/FPS
2018-08-10,Happy Gilmore,1996,https://boxd.it/1Yey
2018-08-10,James and the Giant Peach,1996,https://boxd.it/1W0O
2018-08-10,Matilda,1996,https://boxd.it/1VhY
2018-08-10,Space Jam,1996,https://boxd.it/26YO
2018-08-12,Bloodsport,1988,https://boxd.it/1Tee
2018-08-13,Self/less,2015,https://boxd.it/71yw
2018-08-13,The One,2001,https://boxd.it/1Vni
2018-08-13,Attack the Block,2011,https://boxd.it/hFO
2018-08-17,Cashback,2006,https://boxd.it/1Sf6
2018-08-17,Sorry to Bother You,2018,https://boxd.it/f21E
2018-08-20,Raising Arizona,1987,https://boxd.it/2avQ
2018-08-20,The Big Lebowski,1998,https://boxd.it/2b6C
2018-08-20,Barton Fink,1991,https://boxd.it/2aFQ
2018-08-22,Layer Cake,2004,https://boxd.it/23LC
2018-08-22,Stardust,2007,https://boxd.it/272w
2018-08-22,Ghost World,2001,https://boxd.it/28Dy
2018-08-22,Heathers,1989,https://boxd.it/26x4
2018-08-22,Night of the Living Dead,1968,https://boxd.it/1WwA
2018-08-22,To Kill a Mockingbird,1962,https://boxd.it/2a2E
2018-08-22,Tuck Everlasting,2002,https://boxd.it/1Psm
2018-08-22,West Side Story,1961,https://boxd.it/28dK
2018-08-22,Y Tu Mamá También,2001,https://boxd.it/28QM
2018-08-22,Man with a Movie Camera,1929,https://boxd.it/1u7s
2018-08-22,Rocky,1976,https://boxd.it/28Uk
2018-08-22,Do the Right Thing,1989,https://boxd.it/29gA
2018-08-22,Battleship Potemkin,1925,https://boxd.it/29Vo
2018-08-22,Hard Boiled,1992,https://boxd.it/1T6a
2018-08-22,This Is Spinal Tap,1984,https://boxd.it/1UOs
2018-08-22,Time Bandits,1981,https://boxd.it/19KI
2018-08-22,Brazil,1985,https://boxd.it/2be2
2018-08-22,The Rock,1996,https://boxd.it/1XM0
2018-08-22,Hiroshima Mon Amour,1959,https://boxd.it/22WY
2018-08-22,Ali: Fear Eats the Soul,1974,https://boxd.it/2aRi
2018-08-22,Chicken Run,2000,https://boxd.it/20Xg
2018-08-22,Hot Rod,2007,https://boxd.it/1X9C
2018-08-22,Napoleon Dynamite,2004,https://boxd.it/20wu
2018-08-22,Harry Potter and the Goblet of Fire,2005,https://boxd.it/29Qo
2018-08-22,Harry Potter and the Half-Blood Prince,2009,https://boxd.it/29FU
2018-08-22,Indiana Jones and the Kingdom of the Crystal Skull,2008,https://boxd.it/2aR8
2018-08-22,Kung Fu Panda,2008,https://boxd.it/1Yws
2018-08-22,Quantum of Solace,2008,https://boxd.it/1Vs8
2018-08-22,Yes Man,2008,https://boxd.it/1WPW
2018-08-22,Wanted,2008,https://boxd.it/1ZBS
2018-08-22,21,2008,https://boxd.it/20BO
2018-08-22,High School Musical 3: Senior Year,2008,https://boxd.it/1SR0
2018-08-22,Insidious,2010,https://boxd.it/H4k
2018-08-22,Pandorum,2009,https://boxd.it/1Eo4
2018-08-22,Die Another Day,2002,https://boxd.it/1a5G
2018-08-22,GoldenEye,1995,https://boxd.it/29KU
2018-08-22,Live and Let Die,1973,https://boxd.it/2aLk
2018-08-22,Goldfinger,1964,https://boxd.it/29SY
2018-08-22,Insidious: Chapter 2,2013,https://boxd.it/3dqc
2018-08-22,Insidious: Chapter 3,2015,https://boxd.it/8BkM
2018-08-22,The Lion King,1994,https://boxd.it/201Q
2018-08-22,Scooby-Doo,2002,https://boxd.it/1YaQ
2018-08-22,Rat Race,2001,https://boxd.it/1XAo
2018-08-22,Like Mike,2002,https://boxd.it/1Beq
2018-08-22,Be Kind Rewind,2008,https://boxd.it/23Au
2018-08-22,The Lego Batman Movie,2017,https://boxd.it/azp0
2018-08-22,Ghostbusters,1984,https://boxd.it/g2w
2018-08-22,Shrek,2001,https://boxd.it/29zi
2018-08-22,X-Men: The Last Stand,2006,https://boxd.it/1a5Q
2018-08-22,DodgeBall: A True Underdog Story,2004,https://boxd.it/1YAY
2018-08-22,Talladega Nights: The Ballad of Ricky Bobby,2006,https://boxd.it/1XYq
2018-08-22,One Hour Photo,2002,https://boxd.it/1YT2
2018-08-22,The Tempest,2010,https://boxd.it/RsG
2018-08-22,Vincent,1982,https://boxd.it/1hLa
2018-08-22,V for Vendetta,2005,https://boxd.it/29Ik
2018-08-22,The Rocketeer,1991,https://boxd.it/1WIG
2018-08-22,Man of Steel,2013,https://boxd.it/FRk
2018-08-22,Teenage Mutant Ninja Turtles,1990,https://boxd.it/28FY
2018-08-22,Jason and the Argonauts,1963,https://boxd.it/1TCK
2018-08-22,Upstream Color,2013,https://boxd.it/4Cwc
2018-08-22,Lovers of the Arctic Circle,1998,https://boxd.it/28NS
2018-08-22,The Machinist,2004,https://boxd.it/248c
2018-08-22,Un Chien Andalou,1929,https://boxd.it/29Y8
2018-08-22,Re-Animator,1985,https://boxd.it/28hM
2018-08-22,A Nightmare on Elm Street,1984,https://boxd.it/2aw0
2018-08-22,Hellraiser,1987,https://boxd.it/1Zpi
2018-08-22,Colossal,2016,https://boxd.it/biZi
2018-08-22,Who Framed Roger Rabbit,1988,https://boxd.it/29ry
2018-08-22,Hook,1991,https://boxd.it/29nQ
2018-08-22,Super Mario Bros.,1993,https://boxd.it/1YfG
2018-08-22,Balto,1995,https://boxd.it/1Cwq
2018-08-22,Spice World,1997,https://boxd.it/222Q
2018-08-22,Son of the Mask,2005,https://boxd.it/1WNQ
2018-08-22,Unleashed,2005,https://boxd.it/1Xgy
2018-08-22,Catwoman,2004,https://boxd.it/2aBY
2018-08-22,Antz,1998,https://boxd.it/1ZB4
2018-08-22,Willy Wonka & the Chocolate Factory,1971,https://boxd.it/2aLu
2018-08-22,Shrek 2,2004,https://boxd.it/29z8
2018-08-22,Lords of Dogtown,2005,https://boxd.it/1XOg
2018-08-22,Mulan,1998,https://boxd.it/1VFw
2018-08-22,The Karate Kid,2010,https://boxd.it/15HA
2018-08-22,Enter the Dragon,1973,https://boxd.it/1YCA
2018-08-22,Shanghai Noon,2000,https://boxd.it/202a
2018-08-22,Shanghai Knights,2003,https://boxd.it/228a
2018-08-22,Drunken Master,1978,https://boxd.it/1Ujk
2018-08-22,Pleasantville,1998,https://boxd.it/26uY
2018-08-22,Dirty Work,1998,https://boxd.it/1NOg
2018-08-23,L.A. Confidential,1997,https://boxd.it/27oC
2018-08-23,8 Mile,2002,https://boxd.it/2bew
2018-08-23,Thank You for Smoking,2005,https://boxd.it/1YOc
2018-08-27,BlacKkKlansman,2018,https://boxd.it/hxL8
2018-08-27,North,1994,https://boxd.it/1iM4
2018-08-27,The World's End,2013,https://boxd.it/3EiO
2018-08-29,The Fly,1986,https://boxd.it/1YIe
2018-08-30,Last Action Hero,1993,https://boxd.it/1YhW
2018-08-30,2012,2009,https://boxd.it/1OE2
2018-08-30,Shooter,2007,https://boxd.it/20TS
2018-08-30,Escape from Alcatraz,1979,https://boxd.it/1Vwk
2018-08-30,Proud Mary,2018,https://boxd.it/fIMi
2018-08-30,"Our Friend, Martin",1999,https://boxd.it/5Dpy
2018-08-30,Hotel Rwanda,2004,https://boxd.it/2aSA
2018-08-30,Brother Bear,2003,https://boxd.it/1Xjs
2018-08-30,Ice Age,2002,https://boxd.it/2apS
2018-08-30,Titan A.E.,2000,https://boxd.it/20W8
2018-08-30,Weird Science,1985,https://boxd.it/1T1O
2018-08-30,The Warriors,1979,https://boxd.it/1TLC
2018-08-30,Sixteen Candles,1984,https://boxd.it/1MJk
2018-08-30,Austin Powers in Goldmember,2002,https://boxd.it/29xG
2018-08-30,Men in Black II,2002,https://boxd.it/2a0y
2018-08-30,Chicago,2002,https://boxd.it/28zm
2018-08-30,My Big Fat Greek Wedding,2002,https://boxd.it/20k4
2018-08-30,Lilo & Stitch,2002,https://boxd.it/1TAY
2018-08-30,xXx,2002,https://boxd.it/20VY
2018-08-30,The Santa Clause 2,2002,https://boxd.it/1ZmI
2018-08-30,Mr. Deeds,2002,https://boxd.it/27BQ
2018-08-30,Spy Kids 2: The Island of Lost Dreams,2002,https://boxd.it/1Yyo
2018-08-30,Jackass: The Movie,2002,https://boxd.it/1Zo0
2018-08-30,Big Fat Liar,2002,https://boxd.it/1STg
2018-08-30,The Tuxedo,2002,https://boxd.it/1Vra
2018-08-30,The Master of Disguise,2002,https://boxd.it/1Pai
2018-08-30,Clockstoppers,2002,https://boxd.it/1MY0
2018-08-30,I Spy,2002,https://boxd.it/20aS
2018-08-30,The Transporter,2002,https://boxd.it/24Nu
2018-08-30,Beauty and the Beast,1991,https://boxd.it/1XhG
2018-08-30,Eight Legged Freaks,2002,https://boxd.it/1ZIa
2018-08-30,The Country Bears,2002,https://boxd.it/1H8e
2018-08-30,Super Troopers,2001,https://boxd.it/12Rs
2018-08-30,Millions,2004,https://boxd.it/1QjK
2018-08-30,The Accountant,2016,https://boxd.it/9EhI
2018-08-30,The Town,2010,https://boxd.it/1zyS
2018-08-30,Dead Poets Society,1989,https://boxd.it/2aSg
2018-08-30,Labyrinth,1986,https://boxd.it/1POC
2018-08-30,9,2009,https://boxd.it/1Scm
2018-08-30,xXx: State of the Union,2005,https://boxd.it/1Tg0
2018-08-30,The Other Guys,2010,https://boxd.it/1rtq
2018-08-30,xXx: Return of Xander Cage,2017,https://boxd.it/JqC
2018-08-30,Lakeview Terrace,2008,https://boxd.it/1Qv2
2018-08-30,African Cats,2011,https://boxd.it/mmi
2018-08-30,Unthinkable,2010,https://boxd.it/16y0
2018-08-30,Ong Bak: Muay Thai Warrior,2003,https://boxd.it/1YZk
2018-08-30,District B13,2004,https://boxd.it/1XdY
2018-08-30,"Crouching Tiger, Hidden Dragon",2000,https://boxd.it/2b1M
2018-08-30,Ip Man 2,2010,https://boxd.it/18gs
2018-08-30,The Man from Nowhere,2010,https://boxd.it/AZy
2018-08-30,Kung Fu Hustle,2004,https://boxd.it/1YBi
2018-08-30,Man on Fire,2004,https://boxd.it/1Yvk
2018-08-30,Ghost in the Shell,2017,https://boxd.it/abTA
2018-08-30,District 13: Ultimatum,2009,https://boxd.it/1MoG
2018-08-30,Ip Man 3,2015,https://boxd.it/cDqA
2018-08-30,The Mask,1994,https://boxd.it/29rS
2018-08-30,Bruce Almighty,2003,https://boxd.it/2aCC
2018-08-30,Dumb and Dumber,1994,https://boxd.it/206m
2018-08-30,The Cable Guy,1996,https://boxd.it/1XAI
2018-08-30,I Love You Phillip Morris,2009,https://boxd.it/1ZvK
2018-08-30,The Number 23,2007,https://boxd.it/258C
2018-08-30,Ace Ventura: When Nature Calls,1995,https://boxd.it/1Z66
2018-08-31,Hannibal,2001,https://boxd.it/1XVc
2018-08-31,Legend,1985,https://boxd.it/1SCY
2018-08-31,Pacific Rim,2013,https://boxd.it/2cB2
2018-08-31,Defiance,2008,https://boxd.it/1Pme
2018-08-31,City Island,2009,https://boxd.it/1qmy
2018-08-31,The Hitchhiker's Guide to the Galaxy,2005,https://boxd.it/20VE
2018-08-31,The Hobbit: An Unexpected Journey,2012,https://boxd.it/GZk
2018-08-31,The Hobbit: The Desolation of Smaug,2013,https://boxd.it/nmS
2018-08-31,The Hobbit: The Battle of the Five Armies,2014,https://boxd.it/43aU
2018-08-31,Cargo,2017,https://boxd.it/f55Y
2018-08-31,Inside Man,2006,https://boxd.it/2auS
2018-08-31,The Book of Eli,2010,https://boxd.it/1Dnu
2018-08-31,The Manchurian Candidate,2004,https://boxd.it/1O2M
2018-08-31,Monty Python and the Holy Grail,1975,https://boxd.it/29GI
2018-08-31,Bend It Like Beckham,2002,https://boxd.it/2am0
2018-08-31,Dredd,2012,https://boxd.it/GZE
2018-08-31,Sister Act,1992,https://boxd.it/27EA
2018-08-31,Law Abiding Citizen,2009,https://boxd.it/1A2I
2018-08-31,Kindergarten Cop,1990,https://boxd.it/29dm
2018-08-31,Father of the Bride,1991,https://boxd.it/1SWY
2018-08-31,Beethoven,1992,https://boxd.it/1T36
2018-08-31,Freaky Friday,2003,https://boxd.it/1WwK
2018-08-31,Cars 2,2011,https://boxd.it/H4Y
2018-08-31,The Animal,2001,https://boxd.it/1UFg
2018-09-03,The Campaign,2012,https://boxd.it/2Hz2
2018-09-03,Semi-Pro,2008,https://boxd.it/1Qw0
2018-09-03,The Rocker,2008,https://boxd.it/1WSm
2018-09-03,Finding Nemo,2003,https://boxd.it/72i
2018-09-03,Cry-Baby,1990,https://boxd.it/1XRa
2018-09-03,Daybreakers,2009,https://boxd.it/1EnA
2018-09-03,The Boondock Saints II: All Saints Day,2009,https://boxd.it/1A0i
2018-09-03,The Lost World: Jurassic Park,1997,https://boxd.it/2azS
2018-09-03,The Prince of Egypt,1998,https://boxd.it/1XGQ
2018-09-03,Hotel Artemis,2018,https://boxd.it/ejwW
2018-09-03,Cats & Dogs,2001,https://boxd.it/1UUq
2018-09-03,Tim and Eric's Billion Dollar Movie,2012,https://boxd.it/2MI4
2018-09-03,The Illusionist,2006,https://boxd.it/28H6
2018-09-03,Doctor Dolittle,1998,https://boxd.it/25RM
2018-09-03,Morgan,2016,https://boxd.it/d6Yw
2018-09-03,The Expendables,2010,https://boxd.it/1rtA
2018-09-04,High School Musical,2006,https://boxd.it/1V0y
2018-09-04,High School Musical 2,2007,https://boxd.it/1PIu
2018-09-04,Shrek the Third,2007,https://boxd.it/29yY
2018-09-04,Spy Kids,2001,https://boxd.it/1Xcw
2018-09-04,The Legend of Zorro,2005,https://boxd.it/28nq
2018-09-04,From Paris with Love,2010,https://boxd.it/1tXs
2018-09-04,Titus,1999,https://boxd.it/1RNm
2018-09-04,Exit Through the Gift Shop,2010,https://boxd.it/13E0
2018-09-04,Evil Genius,2018,https://boxd.it/j57y
2018-09-04,Mary Poppins,1964,https://boxd.it/2aoA
2018-09-04,Dragnet,1987,https://boxd.it/1Xhc
2018-09-04,Transformers,2007,https://boxd.it/280c
2018-09-04,Holes,2003,https://boxd.it/20mE
2018-09-04,Glory Road,2006,https://boxd.it/1XwQ
2018-09-04,Baby Geniuses,1999,https://boxd.it/1AIO
2018-09-04,Bee Movie,2007,https://boxd.it/22Vw
2018-09-04,Battlefield Earth,2000,https://boxd.it/231O
2018-09-04,Blank Check,1994,https://boxd.it/1P24
2018-09-04,Camp Rock,2008,https://boxd.it/1PHw
2018-09-04,Little Nicky,2000,https://boxd.it/1Y4I
2018-09-04,Santa's Slay,2005,https://boxd.it/1RD2
2018-09-04,Snakes on a Plane,2006,https://boxd.it/2aAw
2018-09-04,Superbabies: Baby Geniuses 2,2004,https://boxd.it/1jOA
2018-09-04,Troll 2,1990,https://boxd.it/1sTE
2018-09-04,Where the Wild Things Are,2009,https://boxd.it/1K0C
2018-09-04,Cast Away,2000,https://boxd.it/20i8
2018-09-04,Transformers: Revenge of the Fallen,2009,https://boxd.it/20gG
2018-09-04,Transformers: Dark of the Moon,2011,https://boxd.it/16aC
2018-09-04,A Knight's Tale,2001,https://boxd.it/1YAk
2018-09-04,Fantastic Beasts and Where to Find Them,2016,https://boxd.it/7FPC
2018-09-04,Take Me Home Tonight,2011,https://boxd.it/CYM
2018-09-04,The Goonies,1985,https://boxd.it/1YVC
2018-09-04,Hollow Man,2000,https://boxd.it/1YP0
2018-09-05,The Waterboy,1998,https://boxd.it/1VHi
2018-09-05,50 First Dates,2004,https://boxd.it/285c
2018-09-05,Click,2006,https://boxd.it/1YVM
2018-09-05,The Longest Yard,2005,https://boxd.it/1Z3c
2018-09-05,Spanglish,2004,https://boxd.it/26Cy
2018-09-05,Airheads,1994,https://boxd.it/1POW
2018-09-05,Coneheads,1993,https://boxd.it/1YeS
2018-09-05,Fitzcarraldo,1982,https://boxd.it/1YV8
2018-09-05,Nosferatu the Vampyre,1979,https://boxd.it/21J0
2018-09-05,Happy People: A Year in the Taiga,2010,https://boxd.it/3adu
2018-09-05,Hidalgo,2004,https://boxd.it/27BG
2018-09-05,The Outsiders,1983,https://boxd.it/2aPw
2018-09-05,The Karate Kid,1984,https://boxd.it/27Wk
2018-09-05,The Karate Kid Part II,1986,https://boxd.it/1ZJM
2018-09-05,Anger Management,2003,https://boxd.it/1YvO
2018-09-05,The Toxic Avenger,1984,https://boxd.it/1MAi
2018-09-05,Wild Hogs,2007,https://boxd.it/1Uok
2018-09-05,Austin Powers: International Man of Mystery,1997,https://boxd.it/29y0
2018-09-05,The Wizard,1989,https://boxd.it/2aVY
2018-09-05,Hollow Man II,2006,https://boxd.it/1ZpM
2018-09-05,The 'Burbs,1989,https://boxd.it/1SDi
2018-09-05,UHF,1989,https://boxd.it/1SFI
2018-09-07,"The Good, the Bad and the Ugly",1966,https://boxd.it/2ape
2018-09-07,The Blues Brothers,1980,https://boxd.it/2adi
2018-09-07,The Raid 2,2014,https://boxd.it/5uz0
2018-09-07,Blues Brothers 2000,1998,https://boxd.it/1Tx6
2018-09-07,"Monsters, Inc.",2001,https://boxd.it/2a46
2018-09-07,Toy Story 2,1999,https://boxd.it/29qq
2018-09-07,Aladdin,1992,https://boxd.it/29yE
2018-09-07,Cars,2006,https://boxd.it/29ho
2018-09-07,The Simpsons Movie,2007,https://boxd.it/6YU
2018-09-07,The Emperor's New Groove,2000,https://boxd.it/1Tey
2018-09-07,A Bug's Life,1998,https://boxd.it/1Yyy
2018-09-07,Despicable Me,2010,https://boxd.it/1DD8
2018-09-07,How to Train Your Dragon,2010,https://boxd.it/1WRy
2018-09-07,The Little Mermaid,1989,https://boxd.it/1WYO
2018-09-07,Corpse Bride,2005,https://boxd.it/24WQ
2018-09-07,Snow White and the Seven Dwarfs,1937,https://boxd.it/2arO
2018-09-07,Madagascar,2005,https://boxd.it/29dc
2018-09-07,Pinocchio,1940,https://boxd.it/1V8C
2018-09-07,Pocahontas,1995,https://boxd.it/1W2g
2018-09-07,Fantasia,1940,https://boxd.it/29HG
2018-09-07,Bambi,1942,https://boxd.it/25AQ
2018-09-07,Dumbo,1941,https://boxd.it/1U2o
2018-09-07,The Polar Express,2004,https://boxd.it/23am
2018-09-07,Peter Pan,1953,https://boxd.it/1VCC
2018-09-07,One Hundred and One Dalmatians,1961,https://boxd.it/1SeC
2018-09-07,Ice Age: The Meltdown,2006,https://boxd.it/2wRk
2018-09-07,Monster House,2006,https://boxd.it/1Z2e
2018-09-07,The SpongeBob SquarePants Movie,2004,https://boxd.it/1SYq
2018-09-07,Stuart Little,1999,https://boxd.it/1WZW
2018-09-07,Robots,2005,https://boxd.it/1Xve
2018-09-07,The Road to El Dorado,2000,https://boxd.it/1W6s
2018-09-07,Chicken Little,2005,https://boxd.it/1Xnu
2018-09-07,Bao,2018,https://boxd.it/iEl4
2018-09-07,Batman: The Killing Joke,2016,https://boxd.it/djxe
2018-09-07,Meet the Robinsons,2007,https://boxd.it/28Ym
2018-09-07,Over the Hedge,2006,https://boxd.it/20QY
2018-09-07,Surf's Up,2007,https://boxd.it/1YKY
2018-09-07,Yellow Submarine,1968,https://boxd.it/1Sxa
2018-09-07,The Animatrix,2003,https://boxd.it/qH0
2018-09-07,The Lion King 1½,2004,https://boxd.it/1TRg
2018-09-07,The Black Cauldron,1985,https://boxd.it/1UYW
2018-09-07,Open Season,2006,https://boxd.it/20U2
2018-09-07,Rudolph the Red-Nosed Reindeer,1964,https://boxd.it/1Qis
2018-09-07,Batman: Assault on Arkham,2014,https://boxd.it/787M
2018-09-07,Osmosis Jones,2001,https://boxd.it/1RAi
2018-09-07,The Return of Jafar,1994,https://boxd.it/1L6G
2018-09-07,Rugrats in Paris: The Movie,2000,https://boxd.it/1KjO
2018-09-07,An Extremely Goofy Movie,2000,https://boxd.it/1LOo
2018-09-07,Fresh Guacamole,2012,https://boxd.it/4y9S
2018-09-07,Berserk: The Golden Age Arc I - The Egg of the King,2012,https://boxd.it/3MLO
2018-09-07,GANTZ:O,2016,https://boxd.it/dRTI
2018-09-07,Pokémon 4Ever,2001,https://boxd.it/1RBK
2018-09-07,What's Eating Gilbert Grape,1993,https://boxd.it/28xg
2018-09-09,Let the Right One In,2008,https://boxd.it/1Qr0
2018-09-10,Primal Fear,1996,https://boxd.it/28ws
2018-09-10,Æon Flux,2005,https://boxd.it/20vc
2018-09-10,Amadeus,1984,https://boxd.it/2aH8
2018-09-10,RED,2010,https://boxd.it/13uu
2018-09-10,Reign of Fire,2002,https://boxd.it/21QA
2018-09-11,Searching,2018,https://boxd.it/hDPg
2018-09-11,The Hunger Games,2012,https://boxd.it/2uds
2018-09-11,Meet Dave,2008,https://boxd.it/1Uf8
2018-09-11,Invincible,2006,https://boxd.it/1Tkm
2018-09-11,La La Land,2016,https://boxd.it/a5fa
2018-09-11,Lady and the Tramp,1955,https://boxd.it/1Wv8
2018-09-11,Idiocracy,2006,https://boxd.it/20RW
2018-09-11,Airplane!,1980,https://boxd.it/29yu
2018-09-16,Creep,2014,https://boxd.it/7l4c
2018-09-17,Adaptation.,2002,https://boxd.it/26mA
2018-09-17,Hush,2016,https://boxd.it/d5ys
2018-09-17,The Elephant Man,1980,https://boxd.it/27LQ
2018-09-17,A Royal Affair,2012,https://boxd.it/37Kq
2018-09-17,Charlie's Angels,2000,https://boxd.it/24v6
2018-09-17,Mr. Magoo,1997,https://boxd.it/1YGi
2018-09-18,Wheelman,2017,https://boxd.it/gSIM
2018-09-18,Hoodwinked!,2005,https://boxd.it/1UVS
2018-09-18,Creep 2,2017,https://boxd.it/dSEO
2018-09-20,Bottle Rocket,1996,https://boxd.it/1PDa
2018-09-20,Spaceballs,1987,https://boxd.it/29cy
2018-09-20,Robin Hood: Men in Tights,1993,https://boxd.it/20H8
2018-09-20,Johnny Dangerously,1984,https://boxd.it/1JF0
2018-09-20,An American Tail: Fievel Goes West,1991,https://boxd.it/1Wpk
2018-09-21,Kicking & Screaming,2005,https://boxd.it/1XnE
2018-09-21,Austin Powers: The Spy Who Shagged Me,1999,https://boxd.it/29xQ
2018-09-21,Blades of Glory,2007,https://boxd.it/1Xrm
2018-09-21,Starsky & Hutch,2004,https://boxd.it/1YOQ
2018-09-21,Everything Must Go,2010,https://boxd.it/P0U
2018-09-21,The Landlord,2007,https://boxd.it/TZi
2018-09-21,The Amazing Spider-Man,2012,https://boxd.it/27PI
2018-09-21,Mrs. Doubtfire,1993,https://boxd.it/29Cw
2018-09-21,Homeward Bound: The Incredible Journey,1993,https://boxd.it/21lM
2018-09-21,Taken 3,2014,https://boxd.it/7Iqq
2018-09-21,King Kong,2005,https://boxd.it/2aLa
2018-09-21,Pirates of the Caribbean: At World's End,2007,https://boxd.it/2aGu
2018-09-21,Green Lantern,2011,https://boxd.it/QN4
2018-09-21,The Chronicles of Riddick,2004,https://boxd.it/26iy
2018-09-21,Pitch Black,2000,https://boxd.it/26iS
2018-09-21,Besieged,1998,https://boxd.it/Sjq
2018-09-21,Jingle All the Way,1996,https://boxd.it/1Z58
2018-09-21,Flubber,1997,https://boxd.it/1YkQ
2018-09-21,Home Alone 3,1997,https://boxd.it/1XZ4
2018-09-21,George of the Jungle,1997,https://boxd.it/1VQO
2018-09-21,Hercules,1997,https://boxd.it/1SDW
2018-09-21,Face/Off,1997,https://boxd.it/29I0
2018-09-21,The Lion King II: Simba's Pride,1998,https://boxd.it/1XWu
2018-09-21,Inspector Gadget,1999,https://boxd.it/2azy
2018-09-21,Warcraft,2016,https://boxd.it/2czK
2018-09-21,The Princess Diaries,2001,https://boxd.it/1XCO
2018-09-21,The Fast and the Furious,2001,https://boxd.it/1XMu
2018-09-21,Lara Croft: Tomb Raider,2001,https://boxd.it/27G2
2018-09-21,Planet of the Apes,2001,https://boxd.it/29ps
2018-09-21,The Mummy Returns,2001,https://boxd.it/28cs
2018-09-21,Tommy Boy,1995,https://boxd.it/1TZ0
2018-09-21,The Eagle,2011,https://boxd.it/FVw
2018-09-25,Sahara,2005,https://boxd.it/20XK
2018-09-25,Bernie,2011,https://boxd.it/3eWe
2018-09-25,George of the Jungle 2,2003,https://boxd.it/1ueo
2018-09-25,Inspector Gadget 2,2003,https://boxd.it/1Eyy
2018-09-25,Poltergeist,1982,https://boxd.it/2a0o
2018-09-26,Oldboy,2003,https://boxd.it/29R2
2018-09-26,"I, Frankenstein",2014,https://boxd.it/3r40
2018-09-28,Ocean's Eleven,2001,https://boxd.it/2aZm
2018-10-04,Gozu,2003,https://boxd.it/1RTa
2018-10-05,Across the Universe,2007,https://boxd.it/23X4
2018-10-05,Superbad,2007,https://boxd.it/20hO
2018-10-05,Carnage,2011,https://boxd.it/2peU
2018-10-06,Twin Peaks,1989,https://boxd.it/g8pk
2018-10-06,Super Size Me,2004,https://boxd.it/1YQC
2018-10-06,Pet Sematary,1989,https://boxd.it/1ZBy
2018-10-06,Footloose,1984,https://boxd.it/288A
2018-10-06,Gamer,2009,https://boxd.it/1GQk
2018-10-06,Anthropoid,2016,https://boxd.it/bOr8
2018-10-06,Rampage,2009,https://boxd.it/15dg
2018-10-06,Toys,1992,https://boxd.it/1TsK
2018-10-06,So I Married an Axe Murderer,1993,https://boxd.it/1WfO
2018-10-06,The Terminal,2004,https://boxd.it/2a2O
2018-10-07,Carrie,1976,https://boxd.it/20ZQ
2018-10-09,The Descent,2005,https://boxd.it/1YNy
2018-10-12,Chitty Chitty Bang Bang,1968,https://boxd.it/1Tbu
2018-10-12,The Sword in the Stone,1963,https://boxd.it/1ZdG
2018-10-12,From Russia with Love,1963,https://boxd.it/29T8
2018-10-13,A Serious Man,2009,https://boxd.it/1RFW
2018-10-13,Easy A,2010,https://boxd.it/17DK
2018-10-14,Meet the Deedles,1998,https://boxd.it/11aC
2018-10-14,Beverly Hills Cop,1984,https://boxd.it/2baE
2018-10-14,Breaking Away,1979,https://boxd.it/1DMO
2018-10-17,The Sisters Brothers,2018,https://boxd.it/fDFm
2018-10-18,My Best Fiend,1999,https://boxd.it/1ZXY
2018-10-19,Transmorphers,2007,https://boxd.it/1wuy
2018-10-19,Romeo + Juliet,1996,https://boxd.it/2ama
2018-10-19,Coming to America,1988,https://boxd.it/1Ygu
2018-10-19,Daddy Day Care,2003,https://boxd.it/1VAw
2018-10-19,The Haunted Mansion,2003,https://boxd.it/1Vtq
2018-10-19,Review,2015,https://boxd.it/ceS0
2018-10-19,Limitless,2011,https://boxd.it/Aly
2018-10-20,War Dogs,2016,https://boxd.it/9SlO
2018-10-20,Night at the Museum: Battle of the Smithsonian,2009,https://boxd.it/1H7U
2018-10-20,Evan Almighty,2007,https://boxd.it/26s4
2018-10-20,Ferris Bueller's Day Off,1986,https://boxd.it/1YPY
2018-10-20,Ghostbusters II,1989,https://boxd.it/261s
2018-10-20,The Return of the Living Dead,1985,https://boxd.it/1V3W
2018-10-20,You Don't Mess with the Zohan,2008,https://boxd.it/1VHs
2018-10-20,Hackers,1995,https://boxd.it/1WhU
2018-10-24,Halloween,1978,https://boxd.it/2wRu
2018-10-24,Halloween,2018,https://boxd.it/f0uE
2018-10-29,Adventureland,2009,https://boxd.it/1JTQ
2018-10-29,National Treasure,2004,https://boxd.it/27x0
2018-11-06,The Tree of Life,2011,https://boxd.it/1Zu8
2018-11-06,Hair,1979,https://boxd.it/1VIA
2018-11-06,Young Frankenstein,1974,https://boxd.it/25To
2018-11-07,mid90s,2018,https://boxd.it/fxIa
2018-11-09,Phantom Thread,2017,https://boxd.it/e4uc
2018-11-11,PlayTime,1967,https://boxd.it/1WLK
2018-11-17,Rashomon,1950,https://boxd.it/2a9K
2018-11-21,Dogtooth,2009,https://boxd.it/158K
2018-11-23,The Assassination of Jesse James by the Coward Robert Ford,2007,https://boxd.it/24dG
2018-11-24,Bram Stoker's Dracula,1992,https://boxd.it/223a
2018-11-24,Ernest Goes to Camp,1987,https://boxd.it/1G1c
2018-11-24,Ernest Goes to Jail,1990,https://boxd.it/1G04
2018-11-24,The Beverly Hillbillies,1993,https://boxd.it/1UMQ
2018-11-24,The Founder,2016,https://boxd.it/9XwM
2018-11-24,The Phantom of the Opera,2004,https://boxd.it/1XHu
2018-11-26,Thumbelina,1994,https://boxd.it/1qpW
2018-11-27,G-Force,2009,https://boxd.it/1ETc
2018-11-28,Train to Busan,2016,https://boxd.it/dSQU
2018-12-08,Blade Runner 2049,2017,https://boxd.it/b8wK
2018-12-08,Holy Motors,2012,https://boxd.it/3wai
2018-12-29,Polytechnique,2009,https://boxd.it/1AMG
2018-12-30,Next Floor,2008,https://boxd.it/3psY
2019-01-01,Saturday Night Fever,1977,https://boxd.it/1URQ
2019-01-01,Blue Velvet,1986,https://boxd.it/29BI
2019-01-07,The Killing of a Sacred Deer,2017,https://boxd.it/dZ5G
2019-01-09,Roma,2018,https://boxd.it/f69M
2019-01-13,The End of the Tour,2015,https://boxd.it/7jIE
2019-01-16,Frank,2014,https://boxd.it/5hII
2019-01-21,Searching for Sugar Man,2012,https://boxd.it/2Y3s
2019-01-21,Cape Fear,1991,https://boxd.it/28vu
2019-01-25,Jason Bourne,2016,https://boxd.it/ayYy
2019-01-25,Waterworld,1995,https://boxd.it/1XLG
2019-01-25,Year One,2009,https://boxd.it/1Ink
2019-01-25,Bio-Dome,1996,https://boxd.it/1YqY
2019-02-04,The Fog,1980,https://boxd.it/29Cc
2019-02-10,Mean Girls,2004,https://boxd.it/1VNg
2019-02-10,The Wizard of Oz,1939,https://boxd.it/29Xu
2019-02-10,Back to the Future Part III,1990,https://boxd.it/2aTS
2019-02-10,Jumanji,1995,https://boxd.it/1ZLI
2019-02-10,Rain Man,1988,https://boxd.it/2avw
2019-02-10,The Mummy,1999,https://boxd.it/2a7a
2019-02-10,The Salesman,2016,https://boxd.it/d2we
2019-02-10,Dead Ringers,1988,https://boxd.it/1Yqk
2019-02-12,We Need to Talk About Kevin,2011,https://boxd.it/2pTS
2019-02-14,Ain't Them Bodies Saints,2013,https://boxd.it/4OgA
2019-02-20,Rumble Fish,1983,https://boxd.it/2aOI
2019-02-20,The Godfather: Part III,1990,https://boxd.it/2aN6
2019-02-20,Sleepy Hollow,1999,https://boxd.it/26u0
2019-02-20,The Golden Compass,2007,https://boxd.it/272Q
2019-02-20,The Exorcist,1973,https://boxd.it/1Yoo
2019-02-26,The Ballad of Buster Scruggs,2018,https://boxd.it/jB2q
2019-03-01,Dogville,2003,https://boxd.it/2a8W
2019-03-01,Gallipoli,1981,https://boxd.it/1Tlk
2019-03-01,Giant,1956,https://boxd.it/28fQ
2019-03-01,Rebel Without a Cause,1955,https://boxd.it/2aQu
2019-03-07,Free Solo,2018,https://boxd.it/iEEq
2019-03-18,Sing Street,2016,https://boxd.it/cOo6
2019-03-18,The 40 Year Old Virgin,2005,https://boxd.it/21hK
2019-03-18,The Sound of Music,1965,https://boxd.it/1MLK
2019-03-18,"I, Robot",2004,https://boxd.it/27y8
2019-03-18,The Day After Tomorrow,2004,https://boxd.it/2aog
2019-03-18,Speed,1994,https://boxd.it/28qk
2019-03-18,Butch Cassidy and the Sundance Kid,1969,https://boxd.it/29Vy
2019-03-18,Taken 2,2012,https://boxd.it/2TWi
2019-03-18,AVP: Alien vs. Predator,2004,https://boxd.it/2atU
2019-03-18,Garfield,2004,https://boxd.it/1ZAA
2019-03-18,Romancing the Stone,1984,https://boxd.it/1YXS
2019-03-18,White Men Can't Jump,1992,https://boxd.it/1WWy
2019-03-18,Ever After,1998,https://boxd.it/1YDI
2019-03-18,Revenge of the Nerds,1984,https://boxd.it/1ORq
2019-03-18,Mighty Morphin Power Rangers: The Movie,1995,https://boxd.it/1ZeY
2019-03-19,"Synecdoche, New York",2008,https://boxd.it/23zw
2019-03-20,The Blind Side,2009,https://boxd.it/1zWg
2019-03-20,Legion,2010,https://boxd.it/1zVi
2019-03-20,Spider-Man: Into the Spider-Verse,2018,https://boxd.it/azpY
2019-03-21,Hot Tub Time Machine,2010,https://boxd.it/1zIS
2019-03-21,Nacho Libre,2006,https://boxd.it/1YTG
2019-03-21,Real Genius,1985,https://boxd.it/1OeI
2019-03-21,Top Gun,1986,https://boxd.it/29JC
2019-03-21,Tombstone,1993,https://boxd.it/1SE6
2019-03-24,The Favourite,2018,https://boxd.it/d2hI
2019-03-27,Us,2019,https://boxd.it/gnV6
2019-03-28,Queen of Katwe,2016,https://boxd.it/agW0
2019-03-28,Mission: Impossible III,2006,https://boxd.it/29cI
2019-04-05,Uncle Boonmee Who Can Recall His Past Lives,2010,https://boxd.it/168Q
2019-04-05,Cat People,1942,https://boxd.it/1vG4
2019-04-06,Hairspray,2007,https://boxd.it/261M
2019-04-06,Mighty Joe Young,1998,https://boxd.it/1XJ6
2019-04-12,Paul Blart: Mall Cop,2009,https://boxd.it/1NQw
2019-04-17,Shaolin Soccer,2001,https://boxd.it/1T86
2019-04-19,A Goofy Movie,1995,https://boxd.it/1Lwu
2019-04-19,Enchanted,2007,https://boxd.it/24co
2019-04-19,102 Dalmatians,2000,https://boxd.it/1W9G
2019-04-19,101 Dalmatians,1996,https://boxd.it/1TgO
2019-04-19,Home Alone 2: Lost in New York,1992,https://boxd.it/29F6
2019-04-19,Max Keeble's Big Move,2001,https://boxd.it/1dHe
2019-04-19,Shoplifters,2018,https://boxd.it/ifY6
2019-04-19,"Jeff, Who Lives at Home",2011,https://boxd.it/2TjU
2019-04-28,"The Good, The Bad, The Weird",2008,https://boxd.it/1MSG
2019-04-29,Thelma & Louise,1991,https://boxd.it/28Ew
2019-04-29,The Similars,2015,https://boxd.it/81CK
2019-05-01,Avengers: Endgame,2019,https://boxd.it/9vE4
2019-05-04,Stand by Me,1986,https://boxd.it/2aOe
2019-05-04,K-PAX,2001,https://boxd.it/2aYo
2019-05-04,This Film Is Not Yet Rated,2006,https://boxd.it/1KTs
2019-05-08,"Lock, Stock and Two Smoking Barrels",1998,https://boxd.it/2b92
2019-05-08,Timecrimes,2007,https://boxd.it/1OGM
2019-05-09,Eraser,1996,https://boxd.it/1Z6U
2019-05-09,Wrongfully Accused,1998,https://boxd.it/1YJG
2019-05-09,Deliverance,1972,https://boxd.it/1VGk
2019-05-09,The Wrong Trousers,1993,https://boxd.it/2ack
2019-05-09,Wallace & Gromit: The Curse of the Were-Rabbit,2005,https://boxd.it/2ac0
2019-05-09,A Grand Day Out,1989,https://boxd.it/2acu
2019-05-09,A Close Shave,1995,https://boxd.it/2aca
2019-05-11,Highlander,1986,https://boxd.it/20GE
2019-05-13,"Planes, Trains and Automobiles",1987,https://boxd.it/26zE
2019-05-14,Breakdown,1997,https://boxd.it/27iE
2019-05-14,Conan the Barbarian,1982,https://boxd.it/1YOm
2019-05-14,Once Upon a Time in Mexico,2003,https://boxd.it/28LM
2019-05-15,Bulletproof Monk,2003,https://boxd.it/1T1k
2019-05-15,Goon,2011,https://boxd.it/2B6o
2019-05-15,Manchester by the Sea,2016,https://boxd.it/b2L0
2019-05-16,Sunset Boulevard,1950,https://boxd.it/2a20
2019-05-25,Coco,2017,https://boxd.it/bYJQ
2019-05-25,Lethal Weapon,1987,https://boxd.it/29e0
2019-05-26,Peter Pan,2003,https://boxd.it/1VQY
2019-05-26,Tarzan,1999,https://boxd.it/18YO
2019-05-27,You Were Never Really Here,2017,https://boxd.it/dWOS
2019-05-27,Eraserhead,1977,https://boxd.it/299u
2019-05-28,Tremors,1990,https://boxd.it/1YSe
2019-05-28,Apollo 13,1995,https://boxd.it/2a6G
2019-05-30,Rollerball,1975,https://boxd.it/1TK0
2019-06-03,The Master,2012,https://boxd.it/2cBG
2019-06-03,Millennium Actress,2001,https://boxd.it/1fK0
2019-06-03,Bigger Stronger Faster*,2008,https://boxd.it/1PKq
2019-06-03,The Greatest Movie Ever Sold,2011,https://boxd.it/kg8
2019-06-03,Freakonomics,2010,https://boxd.it/Tcg
2019-06-03,Into the Wild,2007,https://boxd.it/22m2
2019-06-03,Night at the Museum,2006,https://boxd.it/28wi
2019-06-03,What Dreams May Come,1998,https://boxd.it/1SoM
2019-06-03,RV,2006,https://boxd.it/1YrW
2019-06-03,The Rutles: All You Need Is Cash,1978,https://boxd.it/1Kea
2019-06-03,Quest for Camelot,1998,https://boxd.it/1G0S
2019-06-03,The Stupids,1996,https://boxd.it/1KoY
2019-06-03,The Little Rascals,1994,https://boxd.it/1V8i
2019-06-03,The Big Green,1995,https://boxd.it/1tTg
2019-06-03,Gamebox 1.0,2004,https://boxd.it/1eiY
2019-06-03,Remote,1993,https://boxd.it/Ghs
2019-06-03,A Kid in King Arthur's Court,1995,https://boxd.it/192G
2019-06-04,Clerks,1994,https://boxd.it/2706
2019-06-13,The Passion of the Christ,2004,https://boxd.it/29ZK
2019-06-14,Clue,1985,https://boxd.it/1MDQ
2019-06-19,A Most Violent Year,2014,https://boxd.it/75Va
2019-07-03,Happiness,1998,https://boxd.it/1VEe
2019-07-06,An American Werewolf in London,1981,https://boxd.it/29yk
2019-07-06,¡Three Amigos!,1986,https://boxd.it/20f4
2019-07-08,A Matter of Loaf and Death,2008,https://boxd.it/1O4S
2019-07-08,Superman Returns,2006,https://boxd.it/28J2
2019-07-18,Cowboys & Aliens,2011,https://boxd.it/F2G
2019-07-18,It's a Wonderful Life,1946,https://boxd.it/28xA
2019-07-25,Big,1988,https://boxd.it/271S
2019-07-25,Serenity,2005,https://boxd.it/1Km4
2019-08-04,"sex, lies, and videotape",1989,https://boxd.it/28Oc
2019-08-04,Burn After Reading,2008,https://boxd.it/23BW
2019-08-04,Burning,2018,https://boxd.it/hHUa
2019-08-09,Midsommar,2019,https://boxd.it/jhxe
2019-08-11,How the Grinch Stole Christmas,2000,https://boxd.it/1ZHQ
2019-08-11,Willow,1988,https://boxd.it/29t0
2019-08-11,The Da Vinci Code,2006,https://boxd.it/2a3i
2019-08-13,Summer with Monika,1953,https://boxd.it/JZC
2019-08-17,Crocodile Dundee,1986,https://boxd.it/1Y5Q
2019-08-17,Rabbit-Proof Fence,2002,https://boxd.it/1YnU
2019-08-19,Vertigo,1958,https://boxd.it/2apI
2019-08-26,Jacob's Ladder,1990,https://boxd.it/270g
2019-08-26,Network,1976,https://boxd.it/1VqG
2019-08-30,Tenacious D in The Pick of Destiny,2006,https://boxd.it/27go
2019-09-06,The Peanut Butter Falcon,2019,https://boxd.it/gzu2
2019-09-06,Dead or Alive,1999,https://boxd.it/1U9u
2019-09-11,Invasion of the Body Snatchers,1956,https://boxd.it/1TAa
2019-09-11,The Fugitive,1993,https://boxd.it/230G
2019-09-13,The Rocky Horror Picture Show,1975,https://boxd.it/1a3q
2019-09-20,Ocean's Twelve,2004,https://boxd.it/2aZ2
2019-09-20,Ocean's Thirteen,2007,https://boxd.it/2aEy
2019-09-23,Twin Dragons,1992,https://boxd.it/1GmE
2019-09-23,The Lost City of Z,2016,https://boxd.it/a7jS
2019-09-23,The Motorcycle Diaries,2004,https://boxd.it/28nU
2019-09-23,The Cooler,2003,https://boxd.it/1Vvc
2019-09-23,The Cat in the Hat,2003,https://boxd.it/1VSU
2019-10-09,Joker,2019,https://boxd.it/h4cS
2019-10-10,Pumpkinhead,1988,https://boxd.it/1tJq
2019-10-17,El Camino: A Breaking Bad Movie,2019,https://boxd.it/kv0q
2019-10-17,"Don't Worry, He Won't Get Far on Foot",2018,https://boxd.it/fLeo
2019-10-29,The Lighthouse,2019,https://boxd.it/icFU
2019-10-29,Kangaroo Jack,2003,https://boxd.it/1VMM
2019-10-29,Mr. Popper's Penguins,2011,https://boxd.it/kRS
2019-10-29,The Princess Diaries 2: Royal Engagement,2004,https://boxd.it/1UyY
2019-11-06,Modern Times,1936,https://boxd.it/25MC
2019-11-06,Hereafter,2010,https://boxd.it/Ry0
2019-11-16,Parasite,2019,https://boxd.it/hTha
2019-12-06,The Foot Fist Way,2006,https://boxd.it/1Q4U
2019-12-06,Attack of the Killer Tomatoes!,1978,https://boxd.it/27fU
2019-12-06,Pee-wee's Big Adventure,1985,https://boxd.it/22Lw
2019-12-15,Midnight Cowboy,1969,https://boxd.it/25Hi
2019-12-17,Fear and Desire,1952,https://boxd.it/1WVq
2019-12-23,Tusk,2014,https://boxd.it/7eoa
2019-12-24,Star Wars: The Rise of Skywalker,2019,https://boxd.it/5xlK
2019-12-24,October Sky,1999,https://boxd.it/1Q7u
2020-01-04,"I, Daniel Blake",2016,https://boxd.it/d0xa
2020-01-09,The Sisterhood of the Traveling Pants,2005,https://boxd.it/1XPo
2020-01-14,A.I. Artificial Intelligence,2001,https://boxd.it/29Ve
2020-01-16,Casper,1995,https://boxd.it/1ZMw
2020-01-16,Sling Blade,1996,https://boxd.it/1RRo
2020-01-18,Booksmart,2019,https://boxd.it/igNS
2020-01-18,Logan Lucky,2017,https://boxd.it/dZrs
2020-02-19,A Prayer Before Dawn,2017,https://boxd.it/fZ9i
2020-02-26,The Great Dictator,1940,https://boxd.it/29ic
2020-03-01,Jojo Rabbit,2019,https://boxd.it/iEBG
2020-03-03,The Wicker Man,1973,https://boxd.it/1KnG
2020-03-10,Jack and the Beanstalk,1952,https://boxd.it/1GsM
2020-03-13,While We're Young,2014,https://boxd.it/7oOs
2020-03-14,Mishima: A Life in Four Chapters,1985,https://boxd.it/1sBA
2020-03-14,Teenage Mutant Ninja Turtles III,1993,https://boxd.it/28FO
2020-03-15,The Indian in the Cupboard,1995,https://boxd.it/1U2y
2020-03-17,The Pacifier,2005,https://boxd.it/1Xhm
2020-03-17,Annie Hall,1977,https://boxd.it/29M2
2020-03-21,Dirty Dancing,1987,https://boxd.it/2baY
2020-03-23,She's the Man,2006,https://boxd.it/1Y7W
2020-04-14,Stop Making Sense,1984,https://boxd.it/1ygo
2020-04-20,Butterfly,1999,https://boxd.it/1k2s
2020-04-29,Suspiria,1977,https://boxd.it/1SNW
2020-05-11,Gremlins,1984,https://boxd.it/29gg
2020-05-23,Sorcerer,1977,https://boxd.it/14J6
2020-05-27,Lucky Number Slevin,2006,https://boxd.it/2aVu
2020-05-27,Live Free or Die Hard,2007,https://boxd.it/28zQ
2020-05-27,The Fox and the Hound,1981,https://boxd.it/1V0o
2020-05-28,Sonatine,1993,https://boxd.it/20TI
2020-05-28,Dark Star: H. R. Giger's World,2014,https://boxd.it/9le6
2020-06-14,Fire and Ice,1983,https://boxd.it/1MX2
2020-06-14,La Haine,1995,https://boxd.it/2as8
2020-06-15,"I Love You, Man",2009,https://boxd.it/1JZu
2020-06-17,Frankenweenie,1984,https://boxd.it/1eFy
2020-06-18,Gremlins 2: The New Batch,1990,https://boxd.it/29g6
2020-06-18,Memories of Murder,2003,https://boxd.it/1TSo
2020-06-18,Prince of Darkness,1987,https://boxd.it/1ZKq
2020-06-19,The Triplets of Belleville,2003,https://boxd.it/1Y6Y
2020-07-02,A Hard Day's Night,1964,https://boxd.it/29LS
2020-07-02,Help!,1965,https://boxd.it/1NiE
2020-07-05,8½,1963,https://boxd.it/2aqm
2020-07-06,Before Sunrise,1995,https://boxd.it/2bcU
2020-07-13,Violent Cop,1989,https://boxd.it/1Rym
2020-07-16,Persona,1966,https://boxd.it/29B4
2020-07-16,The Martian,2015,https://boxd.it/8SeG
2020-07-20,Fire,1996,https://boxd.it/2ae6
2020-07-20,"It's a Mad, Mad, Mad, Mad World",1963,https://boxd.it/1TvO
2020-07-20,The Devil Wears Prada,2006,https://boxd.it/2awE
2020-07-20,Sleeping Beauty,1959,https://boxd.it/1V9A
2020-07-20,King Kong,1933,https://boxd.it/2aMM
2020-07-20,Popstar: Never Stop Never Stopping,2016,https://boxd.it/blDa
2020-07-20,Amélie,2001,https://boxd.it/2aUc
2020-07-22,Dog Day Afternoon,1975,https://boxd.it/29bg
2020-07-22,Cool Hand Luke,1967,https://boxd.it/29jY
2020-07-23,There's Something About Mary,1998,https://boxd.it/2aae
2020-07-25,Bubba Ho-tep,2002,https://boxd.it/1Y02
2020-07-28,Once Upon a Time… in Hollywood,2019,https://boxd.it/gH0O
2020-07-30,The Cabinet of Dr. Caligari,1920,https://boxd.it/2aOo
2020-08-12,Eyes Wide Shut,1999,https://boxd.it/2axs
2020-08-17,Serpico,1973,https://boxd.it/1ZjE
2020-09-11,Brokeback Mountain,2005,https://boxd.it/2b2q
2020-09-11,I'm Thinking of Ending Things,2020,https://boxd.it/i4IQ
2020-09-17,Hellbound: Hellraiser II,1988,https://boxd.it/1ZfW
2020-10-03,Apocalypse Now,1979,https://boxd.it/6ZS
2020-10-03,John Wick: Chapter 2,2017,https://boxd.it/ayGu
2020-10-06,X-Men Origins: Wolverine,2009,https://boxd.it/27ug
2020-10-06,Godzilla,1954,https://boxd.it/28kc
2020-10-08,Point Break,1991,https://boxd.it/2958
2020-10-09,Darkman,1990,https://boxd.it/1YnK
2020-10-11,[REC],2007,https://boxd.it/20ma
2020-10-14,Boy,2010,https://boxd.it/13RS
2020-10-15,John Wick: Chapter 3 – Parabellum,2019,https://boxd.it/gmFw
2020-10-18,The Great Beauty,2013,https://boxd.it/5ty6
2020-10-19,Knives Out,2019,https://boxd.it/jWEA
2020-10-24,eXistenZ,1999,https://boxd.it/27Ni
2020-10-25,Scanners,1981,https://boxd.it/1YqE
2020-11-03,One Cut of the Dead,2017,https://boxd.it/iAFu
2020-11-19,Ri¢hie Ri¢h,1994,https://boxd.it/1URw
2020-11-19,Just My Luck,2006,https://boxd.it/1XgS
2020-11-29,Day of the Dead,1985,https://boxd.it/20dM
2020-12-06,Shogun Assassin,1980,https://boxd.it/1MM4
2020-12-20,Gregory's Girl,1980,https://boxd.it/1BpI
2020-12-31,The Fountain,2006,https://boxd.it/28RU
2020-12-31,Repo Man,1984,https://boxd.it/1Plg
2021-01-01,Excalibur,1981,https://boxd.it/1TDI
2021-01-06,Big Hero 6,2014,https://boxd.it/5rje
2021-01-09,Days of Heaven,1978,https://boxd.it/1JRg
2021-01-16,Clifford,1994,https://boxd.it/26jw
2021-01-18,Black Christmas,1974,https://boxd.it/1Js6
2021-02-02,Uncut Gems,2019,https://boxd.it/gXGc
2021-02-02,In the Mouth of Madness,1994,https://boxd.it/26vi
2021-02-03,Getting There,2002,https://boxd.it/vf6
2021-02-03,The Scout,1994,https://boxd.it/1cze
2021-02-03,Dudley Do-Right,1999,https://boxd.it/1Ib4
2021-02-03,RocketMan,1997,https://boxd.it/19Ns
2021-02-03,Madeline,1998,https://boxd.it/1c7k
2021-02-04,Grease 2,1982,https://boxd.it/1Zk8
2021-02-06,Honey Boy,2019,https://boxd.it/ixvm
2021-02-06,Eagle Eye,2008,https://boxd.it/1QZc
2021-02-06,The Even Stevens Movie,2003,https://boxd.it/CPU
2021-02-06,Dumb and Dumberer: When Harry Met Lloyd,2003,https://boxd.it/1WXw
2021-02-06,The Pink Panther,2006,https://boxd.it/1Sys
2021-02-06,Mechanic: Resurrection,2016,https://boxd.it/8wj0
2021-02-06,Animusic,2001,https://boxd.it/1AUU
2021-02-06,Dogtown and Z-Boys,2001,https://boxd.it/28Wq
2021-02-06,Brüno,2009,https://boxd.it/1GSA
2021-02-06,The Luck of the Irish,2001,https://boxd.it/Obs
2021-02-06,The Cheetah Girls,2003,https://boxd.it/1hkS
2021-02-06,Jump In!,2007,https://boxd.it/1P16
2021-02-15,The Kid Detective,2020,https://boxd.it/r0qm
2021-02-15,Kazaam,1996,https://boxd.it/1TGi
2021-02-15,Hocus Pocus,1993,https://boxd.it/1Wgi
2021-02-15,Air Bud,1997,https://boxd.it/1CYY
2021-02-15,The Flintstones,1994,https://boxd.it/29mo
2021-02-21,Jack Frost,1998,https://boxd.it/1XUo
2021-02-22,Inside Out,2015,https://boxd.it/4KHC
2021-02-25,Smart House,1999,https://boxd.it/1cB0
2021-03-13,War of the Worlds,2005,https://boxd.it/2bde
2021-03-14,Gran Torino,2008,https://boxd.it/1Qzy
2021-03-14,Saint Maud,2019,https://boxd.it/l8QA
2021-03-15,Zatoichi,2003,https://boxd.it/2aMs
2021-03-19,Shark Tale,2004,https://boxd.it/1VYe
2021-03-19,Valiant,2005,https://boxd.it/1OBM
2021-03-19,TMNT,2007,https://boxd.it/28Xo
2021-03-19,American Graffiti,1973,https://boxd.it/29us
2021-03-19,The Pursuit of Happyness,2006,https://boxd.it/28PE
2021-03-19,Alice in Wonderland,1951,https://boxd.it/1Sz6
2021-03-19,Grease,1978,https://boxd.it/29YW
2021-03-19,"The Chronicles of Narnia: The Lion, the Witch and the Wardrobe",2005,https://boxd.it/2ark
2021-03-19,The Bad News Bears,1976,https://boxd.it/1zb0
2021-03-19,Wayne's World,1992,https://boxd.it/1ZHG
2021-03-19,White Chicks,2004,https://boxd.it/1SpK
2021-03-19,Rudy,1993,https://boxd.it/1NUe
2021-03-19,Cinderella,1950,https://boxd.it/1Uki
2021-03-19,Charlotte's Web,1973,https://boxd.it/1MFW
2021-03-19,Robin Hood,1973,https://boxd.it/1SRa
2021-03-19,The Aristocats,1970,https://boxd.it/1X3Y
2021-03-19,The Land Before Time,1988,https://boxd.it/1Sr2
2021-03-19,The Hunchback of Notre Dame,1996,https://boxd.it/1VZQ
2021-03-19,Flightplan,2005,https://boxd.it/1YZu
2021-03-19,My Girl,1991,https://boxd.it/24PK
2021-03-19,Swordfish,2001,https://boxd.it/1Y0m
2021-03-19,Pink Floyd: The Wall,1982,https://boxd.it/1Sxk
2021-03-19,Ghost,1990,https://boxd.it/2aLE
2021-03-19,The Addams Family,1991,https://boxd.it/267g
2021-03-19,Jesus Camp,2006,https://boxd.it/28ac
2021-03-19,Tommy,1975,https://boxd.it/1U7S
2021-03-19,Beverly Hills Ninja,1997,https://boxd.it/1Ydg
2021-03-19,This Is It,2009,https://boxd.it/1PRw
2021-03-19,Blue Crush,2002,https://boxd.it/1Z7e
2021-03-19,Pokémon: The Movie 2000,1999,https://boxd.it/1RBU
2021-03-19,A Christmas Story,1983,https://boxd.it/29sw
2021-03-19,Bubble Boy,2001,https://boxd.it/1Y3U
2021-03-25,Tokyo Fiancée,2014,https://boxd.it/8VvA
2021-04-04,"Paris, Texas",1984,https://boxd.it/29Ts
2021-04-04,Mon Oncle,1958,https://boxd.it/2apy
2021-04-04,From Dusk Till Dawn,1996,https://boxd.it/29HQ
2021-04-08,Davy Crockett and the River Pirates,1956,https://boxd.it/D04
2021-05-03,Treasure Planet,2002,https://boxd.it/1Znm
2021-05-03,Nomadland,2020,https://boxd.it/lnRy
2021-05-03,Matinee,1993,https://boxd.it/1vV4
2021-05-04,Fracture,2007,https://boxd.it/220K
2021-05-06,The Mitchells vs. The Machines,2021,https://boxd.it/i7xm
2021-05-08,The Dukes of Hazzard,2005,https://boxd.it/21A8
2021-05-15,Wall Street,1987,https://boxd.it/1VFG
2021-05-15,Rush Hour,1998,https://boxd.it/27pU
2021-05-31,Balls of Fury,2007,https://boxd.it/1XTK
2021-05-31,Billy Elliot,2000,https://boxd.it/2bdy
2021-05-31,Sound of Metal,2019,https://boxd.it/i7Q4
2021-05-31,Kickboxer,1989,https://boxd.it/1WMy
2021-05-31,Jiro Dreams of Sushi,2011,https://boxd.it/2ONU
2021-05-31,The Cove,2009,https://boxd.it/1zCq
2021-06-01,The Darjeeling Limited,2007,https://boxd.it/24as
2021-06-01,Head,1968,https://boxd.it/1HoQ
2021-06-21,Dead Man,1995,https://boxd.it/29h4
2021-06-21,Bad Lieutenant,1992,https://boxd.it/1Src
2021-06-21,Neon Genesis Evangelion,1995,https://boxd.it/ptEI
2021-06-25,Nobody,2021,https://boxd.it/mLqS
2021-07-02,Multi-Facial,1995,https://boxd.it/1LuI
2021-07-11,Spirit: Stallion of the Cimarron,2002,https://boxd.it/1Zmo
2021-07-11,Happy Death Day,2017,https://boxd.it/fDz4
2021-07-11,Blow Out,1981,https://boxd.it/1TlE
2021-07-11,Leaving Las Vegas,1995,https://boxd.it/2amE
2021-07-11,Buzz Lightyear of Star Command: The Adventure Begins,2000,https://boxd.it/1KDu
2021-07-11,"Run, Fatboy, Run",2007,https://boxd.it/20K2
2021-07-11,The Piano Teacher,2001,https://boxd.it/2886
2021-07-12,Palm Springs,2020,https://boxd.it/lCXQ
2021-07-13,The Firm,1993,https://boxd.it/18JY
2021-07-17,Mallrats,1995,https://boxd.it/26ZW
2021-07-18,Herbie Fully Loaded,2005,https://boxd.it/1TP0
2021-07-19,Glengarry Glen Ross,1992,https://boxd.it/1Yw8
2021-07-21,Dr. Horrible's Sing-Along Blog,2008,https://boxd.it/2wqy
2021-07-21,Ping Pong the Animation,2014,https://boxd.it/oL1s
2021-07-25,Blood Simple,1984,https://boxd.it/1U16
2021-07-25,The Father,2020,https://boxd.it/m8Ie
2021-07-25,Contagion,2011,https://boxd.it/13rq
2021-07-25,The Benchwarmers,2006,https://boxd.it/1Xr2
2021-07-25,The House Bunny,2008,https://boxd.it/1RyG
2021-07-29,Society,1989,https://boxd.it/1ARc
2021-08-01,Psycho Goreman,2020,https://boxd.it/oY2I
2021-08-02,An Inconvenient Truth,2006,https://boxd.it/289y
2021-08-02,Jimmy Neutron: Boy Genius,2001,https://boxd.it/1RDm
2021-08-16,Upgrade,2018,https://boxd.it/i4gW
2021-09-03,Clash of the Titans,2010,https://boxd.it/1GfI
2021-09-06,Halloween III: Season of the Witch,1982,https://boxd.it/1VFc
2021-09-17,Pig,2021,https://boxd.it/nzoW
2021-09-20,Borgman,2013,https://boxd.it/5Fcm
2021-09-25,Hair Love,2019,https://boxd.it/lI1I
2021-09-25,Cloudy with a Chance of Meatballs,2009,https://boxd.it/1A40
2021-09-26,Scream,1996,https://boxd.it/24EC
2021-10-02,Westworld,1973,https://boxd.it/26RS
2021-10-11,Phantom of the Paradise,1974,https://boxd.it/1s34
2021-10-11,Caddyshack,1980,https://boxd.it/1SCO
2021-10-20,Eragon,2006,https://boxd.it/26Fs
2021-10-24,Halloween Kills,2021,https://boxd.it/mxzG
2021-10-24,The Blob,1988,https://boxd.it/1YgY
2021-10-25,The Bourne Legacy,2012,https://boxd.it/H16
2021-10-25,Dune,2021,https://boxd.it/fA7G
2021-10-27,Child's Play,1988,https://boxd.it/1VTo
2021-10-27,Eve's Bayou,1997,https://boxd.it/QdU
2021-10-28,Inherent Vice,2014,https://boxd.it/5hla
2021-10-30,The Parent Trap,1998,https://boxd.it/1XJq
2021-10-30,Anastasia,1997,https://boxd.it/1YFk
2021-10-30,Shiloh,1996,https://boxd.it/1f4S
2021-11-01,They Look Like People,2015,https://boxd.it/aAEg
2021-11-03,The French Dispatch,2021,https://boxd.it/jLP8
2021-11-04,Saw,2003,https://boxd.it/7eiG
2021-11-07,Child's Play 2,1990,https://boxd.it/1Uqq
2021-11-09,Paddington,2014,https://boxd.it/3RKw
2021-11-09,Vampire's Kiss,1988,https://boxd.it/21aY
2021-11-19,Star Trek Into Darkness,2013,https://boxd.it/uYE
2021-11-19,Star Trek Beyond,2016,https://boxd.it/5Ik4
2021-11-20,Bones,2001,https://boxd.it/1TZa
2021-11-21,Cat People,1982,https://boxd.it/21SQ
2021-11-24,Ethnic Notions,1986,https://boxd.it/4FLO
2021-11-29,Mission: Impossible,1996,https://boxd.it/29d2
2021-12-03,Thief,1981,https://boxd.it/1TEc
2021-12-06,Willy's Wonderland,2021,https://boxd.it/nTcG
2021-12-08,The Descendants,2011,https://boxd.it/4Ba
2021-12-10,Kim Possible: A Sitch In Time,2003,https://boxd.it/AxY
2021-12-13,Spider-Man: Homecoming,2017,https://boxd.it/aboM
2021-12-14,Borat: Cultural Learnings of America for Make Benefit Glorious Nation of Kazakhstan,2006,https://boxd.it/2agQ
2021-12-20,Malignant,2021,https://boxd.it/mViE
2021-12-22,La Femme Nikita,1990,https://boxd.it/1YYm
2021-12-30,Pirates of Silicon Valley,1999,https://boxd.it/25vm
2021-12-31,Manufacturing Consent: Noam Chomsky and the Media,1992,https://boxd.it/19qy
2022-01-02,Pariah,2011,https://boxd.it/2wWk
2022-01-04,Jurassic World,2015,https://boxd.it/4n0g
2022-01-07,Happy and Glorious,2012,https://boxd.it/5HCQ
2022-01-08,Predator 2,1990,https://boxd.it/2aY4
2022-01-09,The Rescuers Down Under,1990,https://boxd.it/1Uya
2022-01-10,"Eadweard Muybridge, Zoopraxographer",1975,https://boxd.it/43Jg
2022-01-10,Wendy Wu: Homecoming Warrior,2006,https://boxd.it/d32
2022-01-10,Bad Taste,1987,https://boxd.it/1Xq4
2022-01-15,The Blackcoat's Daughter,2015,https://boxd.it/b2Km
2022-01-16,Leprechaun in the Hood,2000,https://boxd.it/1HIw
2022-01-16,Mega Shark vs. Giant Octopus,2009,https://boxd.it/1HRS
2022-01-23,Ghost Stories,2017,https://boxd.it/fdA6
2022-01-24,The Conversation,1974,https://boxd.it/2a38
2022-01-25,The King of Comedy,1982,https://boxd.it/2aJS
2022-01-29,Best in Show,2000,https://boxd.it/1Pqq
2022-02-06,Krampus,2015,https://boxd.it/8Wy6
2022-02-08,Election,1999,https://boxd.it/1YEc
2022-02-10,Blue Steel,1990,https://boxd.it/1YxU
2022-02-13,American Hustle,2013,https://boxd.it/5dz8
2022-02-13,Boiling Point,2021,https://boxd.it/uo2u
2022-02-13,Life on the Line,2015,https://boxd.it/dX8e
2022-02-14,Invasion of the Body Snatchers,1978,https://boxd.it/1SWk
2022-02-14,Out of Sight,1998,https://boxd.it/28R6
2022-02-17,Ida,2013,https://boxd.it/6fRg
2022-02-22,Near Dark,1987,https://boxd.it/1SRO
2022-02-22,Tribute,2001,https://boxd.it/4E7e
2022-02-24,Kimi,2022,https://boxd.it/u7LW
2022-02-26,A Most Wanted Man,2014,https://boxd.it/4WCE
2022-03-03,Jasper Mall,2020,https://boxd.it/olRC
2022-03-03,Drag Me to Hell,2009,https://boxd.it/1Jzw
2022-03-06,De Palma,2015,https://boxd.it/bZDk
2022-03-06,Right on Track,2003,https://boxd.it/2GFo
2022-03-13,Ella Enchanted,2004,https://boxd.it/1O5G
2022-03-16,Altered States,1980,https://boxd.it/1TBi
2022-03-19,End of a Gun,2016,https://boxd.it/evCM
2022-03-26,Margin Call,2011,https://boxd.it/CJ8
2022-03-30,Kung Fu Panda 2,2011,https://boxd.it/G36
2022-03-31,The Batman,2022,https://boxd.it/eDGs
2022-04-02,Small Soldiers,1998,https://boxd.it/1TzQ
2022-04-07,Rounders,1998,https://boxd.it/1WMS
2022-04-09,Goldman v Silverman,2020,https://boxd.it/oIV8
2022-04-11,Spider-Man: Far from Home,2019,https://boxd.it/fegG
2022-04-20,Josie and the Pussycats,2001,https://boxd.it/1Fdm
2022-04-21,Spider-Man: No Way Home,2021,https://boxd.it/nwRw
2022-04-21,Everything Everywhere All at Once,2022,https://boxd.it/jUk4
2022-04-21,3 Ninjas: High Noon at Mega Mountain,1998,https://boxd.it/1hjq
2022-04-21,Black Mirror: San Junipero,2016,https://boxd.it/k4aS
2022-04-21,Terminator Genisys,2015,https://boxd.it/35s0
2022-04-22,Scooby-Doo 2: Monsters Unleashed,2004,https://boxd.it/1UPA
2022-04-22,Scooby-Doo on Zombie Island,1998,https://boxd.it/1QIg
2022-05-02,Mr. Bean's Holiday,2007,https://boxd.it/28Yc
2022-05-08,Chef,2014,https://boxd.it/6lCG
2022-05-16,The Bad Guys,2022,https://boxd.it/nkg4
2022-05-16,The Babadook,2014,https://boxd.it/77xu
2022-05-28,Evil Dead II,1987,https://boxd.it/29Ge
2022-06-06,Frailty,2001,https://boxd.it/1Sqe
2022-06-06,Army of Darkness,1992,https://boxd.it/29G4
2022-06-06,The Evil Dead,1981,https://boxd.it/29Go
2022-06-10,True Stories,1986,https://boxd.it/1wXU
2022-06-19,Rituals,1977,https://boxd.it/2eQ4
2022-06-24,Man on the Moon,1999,https://boxd.it/281k
2022-06-24,Jim & Andy: The Great Beyond,2017,https://boxd.it/gO36
2022-07-05,Babe: Pig in the City,1998,https://boxd.it/1YEQ
2022-07-05,The Conjuring,2013,https://boxd.it/4sr2
2022-07-19,The Conjuring 2,2016,https://boxd.it/7GJg
2022-07-19,Stolen,2012,https://boxd.it/4aM2
2022-07-26,HyperNormalisation,2016,https://boxd.it/eOGy
2022-08-13,Session 9,2001,https://boxd.it/1UXu
2022-08-13,A Quiet Place Part II,2020,https://boxd.it/iTx0
2022-08-14,Brigsby Bear,2017,https://boxd.it/ebkS
2022-08-15,Nope,2022,https://boxd.it/sDCe
2022-08-16,The Hitcher,1986,https://boxd.it/1Yq0
2022-08-17,Empire Records,1995,https://boxd.it/1PY8
2022-08-21,Jackass Forever,2022,https://boxd.it/opUg
2022-08-25,Toy Story 3,2010,https://boxd.it/1WRe
2022-08-25,Fiddler on the Roof,1971,https://boxd.it/1Nle
2022-09-03,Toy Story 4,2019,https://boxd.it/9ALu
2022-09-05,La Cérémonie,1995,https://boxd.it/287C
2022-09-20,The Ant Bully,2006,https://boxd.it/1XyM
2022-09-26,The Day of the Beast,1995,https://boxd.it/1Vyg
2022-09-27,The Pink Panther 2,2009,https://boxd.it/1MHy
2022-10-05,Cheaper by the Dozen,2003,https://boxd.it/1USa
2022-10-13,28 Weeks Later,2007,https://boxd.it/28Bi
2022-10-13,Critters,1986,https://boxd.it/24Sk
2022-10-16,Tarzan II,2005,https://boxd.it/1LNU
2022-10-16,Seven Pounds,2008,https://boxd.it/1U8w
2022-10-16,ERASED,2016,https://boxd.it/px1A
2022-10-16,Berserk,1997,https://boxd.it/pzgM
2022-10-16,Frankenstein,1931,https://boxd.it/25Te
2022-10-17,Romeo and Juliet,1968,https://boxd.it/22cQ
2022-10-17,The Blue Lagoon,1980,https://boxd.it/22KS
2022-10-22,Halloween Ends,2022,https://boxd.it/mO8M
2022-10-23,Werewolf by Night,2022,https://boxd.it/xMrO
2022-10-24,Multiplicity,1996,https://boxd.it/1Z16
2022-10-24,A Nightmare on Elm Street Part 2: Freddy's Revenge,1985,https://boxd.it/1XiE
2022-10-27,A Nightmare on Elm Street 3: Dream Warriors,1987,https://boxd.it/1X9W
2022-10-28,To Live and Die in L.A.,1985,https://boxd.it/1XFo
2022-11-07,Terminator 3: Rise of the Machines,2003,https://boxd.it/2aES
2022-11-07,Barbarian,2022,https://boxd.it/yohi
2022-11-10,Pumping Iron,1977,https://boxd.it/23dA
2022-11-12,Mad Max Beyond Thunderdome,1985,https://boxd.it/1YTm
2022-11-17,The Muppet Christmas Carol,1992,https://boxd.it/1WgC
2022-11-27,Disturbing Behavior,1998,https://boxd.it/1YIy
2022-11-27,Snake Eyes,1998,https://boxd.it/1ZX0
2022-12-01,Ray,2004,https://boxd.it/28km
2022-12-08,How the Grinch Stole Christmas!,1966,https://boxd.it/1Qj6
2022-12-08,Snow Dogs,2002,https://boxd.it/1SQQ
2022-12-13,Paprika,2006,https://boxd.it/23wW
2022-12-13,The Hobbit,1977,https://boxd.it/28UY
2022-12-14,Are We There Yet?,2005,https://boxd.it/1Tms
2022-12-18,First Blood,1982,https://boxd.it/28U0
2022-12-22,National Lampoon's Christmas Vacation,1989,https://boxd.it/22wQ
2022-12-22,The Hunchback of Notre Dame II,2002,https://boxd.it/1RXQ
2023-01-12,The Secret of NIMH,1982,https://boxd.it/1Tc8
2023-01-30,"Militainment, Inc.: Militarism & Pop Culture",2007,https://boxd.it/5jVE
2023-02-20,Puss in Boots: The Last Wish,2022,https://boxd.it/aaie
2023-03-05,The Whale,2022,https://boxd.it/tw4c
2023-03-28,A Charlie Brown Christmas,1965,https://boxd.it/1QDq
2023-03-28,"It's the Great Pumpkin, Charlie Brown",1966,https://boxd.it/1Qmu
2023-03-28,"What's Opera, Doc?",1957,https://boxd.it/x4Y
2023-03-28,Bambi Meets Godzilla,1969,https://boxd.it/25AG
2023-03-28,Long-Haired Hare,1949,https://boxd.it/Fi
2023-03-31,Bill & Ted's Bogus Journey,1991,https://boxd.it/28oy
2023-03-31,Bill & Ted Face the Music,2020,https://boxd.it/i7BI
2023-03-31,Delicatessen,1991,https://boxd.it/29lK
2023-04-19,Spectre,2015,https://boxd.it/6bXY
2023-04-19,No Time to Die,2021,https://boxd.it/cPX2
2023-04-28,The Menu,2022,https://boxd.it/lScm
2023-04-29,Freaked,1993,https://boxd.it/1I4i
2023-05-01,Because of Winn-Dixie,2005,https://boxd.it/1HWo
2023-05-03,The Art of Self-Defense,2019,https://boxd.it/hf5y
2023-05-04,Goal!,2005,https://boxd.it/1XRY
2023-05-14,The Squid and the Whale,2005,https://boxd.it/1VAG
2023-05-25,Blazed,2013,https://boxd.it/v3p0
2023-05-31,Fantastic Planet,1973,https://boxd.it/1KnQ
2023-06-01,Kramer vs. Kramer,1979,https://boxd.it/h0w
2023-06-02,Shin Kamen Rider,2023,https://boxd.it/uDlw
2023-06-04,Missing,2023,https://boxd.it/sS1W
2023-06-05,I Know Why the Caged Bird Sings,1979,https://boxd.it/6W68
2023-06-08,The Super Mario Bros. Movie,2023,https://boxd.it/i8C8
2023-06-20,Spider-Man: Across the Spider-Verse,2023,https://boxd.it/kSz4
2023-06-24,Asteroid City,2023,https://boxd.it/s3ds
2023-07-03,Cyrus,2010,https://boxd.it/14zA
2023-07-11,The World Is Not Enough,1999,https://boxd.it/1a94
2023-07-11,My Cousin Vinny,1992,https://boxd.it/1WpO
2023-07-24,The Old Man & the Gun,2018,https://boxd.it/fd1q
2023-08-05,Unsane,2018,https://boxd.it/gKrS
2023-08-05,"Sherlock, Jr.",1924,https://boxd.it/298m
2023-08-26,Sweeney Todd: The Demon Barber of Fleet Street,2007,https://boxd.it/1PcS
2023-08-30,Enron: The Smartest Guys in the Room,2005,https://boxd.it/1R0k
2023-09-01,The Faculty,1998,https://boxd.it/1Z5C
2023-09-01,The Sisterhood of the Traveling Pants 2,2008,https://boxd.it/1WS2
2023-09-09,Recess: School's Out,2001,https://boxd.it/1F9a
2023-09-09,Dennis the Menace Strikes Again!,1998,https://boxd.it/PZS
2023-09-14,Man on Wire,2008,https://boxd.it/1ORK
2023-09-15,"Food, Inc.",2008,https://boxd.it/1GGY
2023-09-15,Jodorowsky's Dune,2013,https://boxd.it/5MP6
2023-09-23,Rurouni Kenshin Part I: Origins,2012,https://boxd.it/4aIO
2023-09-23,Warriors of Virtue,1997,https://boxd.it/FY6
2023-09-24,Life of Crime: 1984-2020,2021,https://boxd.it/wg9m
2023-10-06,Atlantis: The Lost Empire,2001,https://boxd.it/1Vck
2023-10-09,The Daytrippers,1996,https://boxd.it/F9i
2023-10-11,Kong: Skull Island,2017,https://boxd.it/9ewM
2023-10-17,My Scientology Movie,2015,https://boxd.it/cedw
2023-10-17,The War of the Roses,1989,https://boxd.it/2aLY
2023-10-21,Barbie,2023,https://boxd.it/bCLK
2023-10-25,Men,2022,https://boxd.it/tlc0
2023-11-17,Oppenheimer,2023,https://boxd.it/wUow
2023-11-23,Demolition Man,1993,https://boxd.it/1XVm
2023-11-29,Dream Scenario,2023,https://boxd.it/v2h0
2023-12-05,Wreck-It Ralph,2012,https://boxd.it/2TTS
2023-12-05,Ralph Breaks the Internet,2018,https://boxd.it/edAy
2023-12-05,Extreme Measures,1996,https://boxd.it/1UaW
2023-12-09,War for the Planet of the Apes,2017,https://boxd.it/8FE2
